,None,Unnamed: 0,accepted,authors,count,female,gender,len_authors,len_title,male,num_authors,num_words,prob,title
0,0,0,1,"Jonathon Cai, Richard Shin, Dawn Song",145.0,0,male,37,64,1,3,7,1.0,Making Neural Programming Architectures Generalize via Recursion
1,0,1,1,"Johannes Ballé, Valero Laparra, Eero P. Simoncelli",198.0,0,male,50,38,1,3,4,1.0,End-to-end Optimized Image Compression
2,0,2,1,"Sachin Ravi, Hugo Larochelle",201.0,0,male,28,45,1,2,7,1.0,Optimization as a Model for Few-Shot Learning
3,0,3,1,"Antoine Bordes, Y-Lan Boureau, Jason Weston",411.0,0,male,43,40,1,3,4,1.0,Learning End-to-End Goal-Oriented Dialog
4,0,4,1,"Martin Arjovsky, Leon Bottou",3568.0,0,male,28,71,1,2,8,1.0,Towards Principled Methods for Training Generative Adversarial Networks
5,0,5,1,"Max Jaderberg, Volodymyr Mnih, Wojciech Marian Czarnecki, Tom Schaul, Joel Z Leibo, David Silver, Koray Kavukcuoglu",1140.0,0,male,115,56,1,7,6,0.98,Reinforcement Learning with Unsupervised Auxiliary Tasks
6,0,6,1,"Angeliki Lazaridou, Alexander Peysakhovich, Marco Baroni",11.0,1,female,56,63,0,3,8,1.0,Multi-Agent Cooperation and the Emergence of (Natural) Language
7,1,7,1,"Chiyuan Zhang, Samy Bengio, Moritz Hardt, Benjamin Recht, Oriol Vinyals",0.0,0,None,71,62,0,5,6,0.0,Understanding deep learning requires rethinking generalization
8,0,8,1,"Barret Zoph, Quoc Le",3.0,0,male,20,54,1,2,6,1.0,Neural Architecture Search with Reinforcement Learning
9,1,9,1,"Shixiang Gu, Timothy Lillicrap, Zoubin Ghahramani, Richard E. Turner, Sergey Levine",0.0,0,None,83,66,0,5,8,0.0,Q-Prop: Sample-Efficient Policy Gradient with An Off-Policy Critic
10,0,10,1,"Alexey Dosovitskiy, Vladlen Koltun",45.0,0,male,34,40,1,2,7,1.0,Learning to Act by Predicting the Future
11,0,11,1,"Nitish Shirish Keskar, Dheevatsa Mudigere, Jorge Nocedal, Mikhail Smelyanskiy, Ping Tak Peter Tang",20.0,0,male,98,78,1,5,11,1.0,On Large-Batch Training for Deep Learning: Generalization Gap and Sharp Minima
12,0,12,1,"Nicolas Papernot, Martín Abadi, Úlfar Erlingsson, Ian Goodfellow, Kunal Talwar",1953.0,0,male,78,79,1,5,10,1.0,Semi-supervised Knowledge Transfer for Deep Learning from Private Training Data
13,0,13,1,"Casper Kaae Sønderby, Jose Caballero, Lucas Theis, Wenzhe Shi, Ferenc Huszár",89.0,0,male,76,50,1,5,6,0.99,Amortised MAP Inference for Image Super-resolution
14,0,14,1,Daniel D. Johnson,8180.0,0,male,17,36,1,1,4,1.0,Learning Graphical State Transitions
15,0,15,1,"Gabriel Loaiza-Ganem *, Yuanjun Gao *, John P. Cunningham",1674.0,0,male,57,29,1,3,4,0.99,Maximum Entropy Flow Networks
16,0,16,1,"C. Daniel Freeman, Joan Bruna",1.0,0,male,29,60,1,2,7,1.0,Topology and Geometry of Half-Rectified Network Optimization
17,0,17,1,"Sergey Zagoruyko, Nikos Komodakis",117.0,0,male,33,117,1,2,15,0.99,Paying More Attention to Attention: Improving the Performance of Convolutional Neural Networks via Attention Transfer
18,0,18,1,"Alex X. Lee, Sergey Levine, Pieter Abbeel",5856.0,0,male,41,66,1,3,9,0.87,Learning Visual Servoing with Deep Features and Fitted Q-Iteration
19,0,19,1,"Carlos Florensa, Yan Duan, Pieter Abbeel",5149.0,0,male,40,66,1,3,7,1.0,Stochastic Neural Networks for Hierarchical Reinforcement Learning
20,0,20,1,"George Philipp, Jaime G. Carbonell",2098.0,0,male,34,29,1,2,3,0.99,Nonparametric Neural Networks
21,0,21,1,"Jimmy Ba, Roger Grosse, James Martens",1416.0,0,male,37,77,1,3,6,1.0,Distributed Second-Order Optimization using Kronecker-Factored Approximations
22,0,22,1,"Hao Li, Asim Kadav, Igor Durdanovic, Hanan Samet, Hans Peter Graf",27.0,0,male,65,38,1,5,5,0.93,Pruning Filters for Efficient ConvNets
23,0,23,1,"Florian Bordes, Sina Honari, Pascal Vincent",489.0,0,male,43,65,1,3,9,1.0,Learning to Generate Samples from Noise through Infusion Training
24,0,24,1,"Xingyi Li, Fuxin Li, Xiaoli Fern, Raviv Raich",1.0,0,male,45,48,1,4,6,1.0,FILTER SHAPING FOR CONVOLUTIONAL NEURAL NETWORKS
25,1,25,1,"Mengye Ren, Renjie Liao, Raquel Urtasun, Fabian H. Sinz, Richard S. Zemel",0.0,0,None,73,82,0,5,9,0.0,Normalizing the Normalizers: Comparing and Extending Network Normalization Schemes
26,0,26,1,"Eleanor Batty, Josh Merel, Nora Brackbill, Alexander Heitman, Alexander Sher, Alan Litke, E.J. Chichilnisky, Liam Paninski",263.0,1,female,122,78,0,8,10,1.0,Multilayer Recurrent Network Models of Primate Retinal Ganglion Cell Responses
27,0,27,1,"David Warde-Farley, Yoshua Bengio",12593.0,0,male,33,73,1,2,8,1.0,Improving Generative Adversarial Networks with Denoising Feature Matching
28,0,28,1,Minmin Chen,6.0,1,female,11,64,0,1,7,1.0,Efficient Vector Representation for Documents through Corruption
29,0,29,1,"Abhishek Gupta, Coline Devin, YuXuan Liu, Pieter Abbeel, Sergey Levine",308.0,0,male,70,80,1,5,10,1.0,Learning Invariant Feature Spaces to Transfer Skills with Reinforcement Learning
30,0,30,1,"Xingyu Lin, Hao Wang, Zhihao Li, Yimeng Zhang, Alan Yuille, Tai Sing Lee",1.0,0,male,72,76,1,6,10,1.0,Transfer of View-manifold Learning to Similarity Perception of Novel Objects
31,0,31,1,"Ivan Ustyuzhaninov *, Wieland Brendel *, Leon Gatys, Matthias Bethge",1905.0,0,male,68,47,1,4,8,1.0,What does it take to generate natural textures?
32,0,32,1,"Brian Cheung, Eric Weiss, Bruno Olshausen",4600.0,0,male,41,75,1,3,12,1.0,Emergence of foveal image sampling from learning to attend in visual scenes
33,0,33,1,"Wentao Huang, Kechen Zhang",1.0,0,male,26,106,1,2,13,1.0,An Information-Theoretic Framework for Fast and Robust Unsupervised Learning via Neural Population Infomax
34,0,34,1,"Tim Salimans, Andrej Karpathy, Xi Chen, Diederik P. Kingma",2949.0,0,male,58,103,1,4,12,0.99,PixelCNN++: Improving the PixelCNN with Discretized Logistic Mixture Likelihood and Other Modifications
35,0,35,1,"Tong Che, Yanran Li, Athul Jacob, Yoshua Bengio, Wenjie Li",44.0,0,male,58,48,1,5,5,0.68,Mode Regularized Generative Adversarial Networks
36,0,36,1,"Klaus Greff, Rupesh K. Srivastava, Jürgen Schmidhuber",177.0,0,male,53,65,1,3,8,0.98,Highway and Residual Networks learn Unrolled Iterative Estimation
37,0,37,1,"Edouard Grave, Armand Joulin, Nicolas Usunier",60.0,0,male,45,56,1,3,8,0.97,Improving Neural Language Models with a Continuous Cache
38,0,38,1,"Yaniv Taigman, Adam Polyak, Lior Wolf",37.0,0,male,37,42,1,3,4,1.0,Unsupervised Cross-Domain Image Generation
39,0,39,1,"Bradly C Stadie, Pieter Abbeel, Ilya Sutskever",9.0,0,male,46,31,1,3,4,1.0,Third Person Imitation Learning
40,0,40,1,"Sanjay Purushotham, Wilka Carvalho, Tanachat Nilanon, Yan Liu",212.0,0,male,61,56,1,4,6,1.0,Variational Recurrent Adversarial Deep Domain Adaptation
41,0,41,1,"Pavol Bielik, Veselin Raychev, Martin Vechev",28.0,0,male,44,55,1,3,7,1.0,Program Synthesis for Character Level Language Modeling
42,0,42,1,"Nicolas Usunier, Gabriel Synnaeve, Zeming Lin, Soumith Chintala",1953.0,0,male,63,82,1,4,9,1.0,Episodic Exploration for Deep Deterministic Policies for StarCraft Micromanagement
43,0,43,1,"Karen Ullrich, Edward Meeds, Max Welling",5462.0,1,female,40,50,0,3,6,1.0,Soft Weight-Sharing for Neural Network Compression
44,1,44,1,"Chengtao Li, Daniel Tarlow, Alexander L. Gaunt, Marc Brockschmidt, Nate Kushman",0.0,0,None,79,23,0,5,3,0.0,Neural Program Lattices
45,0,45,1,"Mikael Henaff, Jason Weston, Arthur Szlam, Antoine Bordes, Yann LeCun",314.0,0,male,69,55,1,5,8,1.0,Tracking the World State with Recurrent Entity Networks
46,0,46,1,"Taco S. Cohen, Max Welling",5.0,0,male,26,14,1,2,2,0.8,Steerable CNNs
47,0,47,1,"Xiaoxiao Guo, Tim Klinger, Clemens Rosenbaum, Joseph P. Bigus, Murray Campbell, Ban Kawas, Kartik Talamadupula, Gerry Tesauro, Satinder Singh",3.0,0,male,141,66,1,9,10,0.67,"Learning to Query, Reason, and Answer Questions On Ambiguous Texts"
48,0,48,1,"William Lotter, Gabriel Kreiman, David Cox",2626.0,0,male,42,78,1,3,10,1.0,Deep Predictive Coding Networks for Video Prediction and Unsupervised Learning
49,0,49,1,"Adriana Romero, Pierre Luc Carrier, Akram Erraqabi, Tristan Sylvain, Alex Auvolat, Etienne Dejoie, Marc-André Legault, Marie-Pierre Dubé, Julie G. Hussin, Yoshua Bengio",1476.0,1,female,168,47,0,10,7,1.0,Diet Networks: Thin Parameters for Fat Genomics
50,0,50,1,"Timothy Dozat, Christopher D. Manning",809.0,0,male,37,53,1,2,7,1.0,Deep Biaffine Attention for Neural Dependency Parsing
51,0,51,1,"Ishaan Gulrajani, Kundan Kumar, Faruk Ahmed, Adrien Ali Taiga, Francesco Visin, David Vazquez, Aaron Courville",19.0,0,male,110,52,1,7,8,1.0,PixelVAE: A Latent Variable Model for Natural Images
52,0,52,1,"Gao Huang, Yixuan Li, Geoff Pleiss, Zhuang Liu, John E. Hopcroft, Kilian Q. Weinberger",14.0,1,female,86,43,0,6,8,0.57,"Snapshot Ensembles: Train 1, Get M for Free"
53,0,53,1,"Yuxin Wu, Yuandong Tian",12.0,1,female,23,82,0,2,10,1.0,Training Agent for First-Person Shooter Game with Actor-Critic Curriculum Learning
54,0,54,1,"Emilio Parisotto, Abdel-rahman Mohamed, Rishabh Singh, Lihong Li, Dengyong Zhou, Pushmeet Kohli",370.0,0,male,95,32,1,6,3,0.99,Neuro-Symbolic Program Synthesis
55,0,55,1,"Ruben Villegas, Jimei Yang, Seunghoon Hong, Xunyu Lin, Honglak Lee",471.0,0,male,66,68,1,5,9,0.97,Decomposing Motion and Content for Natural Video Sequence Prediction
56,0,56,1,"Harrison Edwards, Amos Storkey",94.0,0,male,30,29,1,2,4,1.0,Towards a Neural Statistician
57,0,57,1,"Dougal J. Sutherland, Hsiao-Yu Tung, Heiko Strathmann, Soumyajit De, Aaditya Ramdas, Alex Smola, Arthur Gretton",12.0,0,male,111,76,1,7,10,1.0,Generative Models and Model Criticism via Optimized Maximum Mean Discrepancy
58,0,58,1,"Chelsea Finn, Tianhe Yu, Justin Fu, Pieter Abbeel, Sergey Levine",905.0,1,female,64,63,0,5,6,1.0,Generalizing Skills with Semi-Supervised Reinforcement Learning
59,0,59,1,"Aaron Klein, Stefan Falkner, Jost Tobias Springenberg, Frank Hutter",2280.0,0,male,67,55,1,4,7,1.0,Learning Curve Prediction with Bayesian Neural Networks
60,0,60,1,"Ke Li, Jitendra Malik",34.0,0,male,21,20,1,2,3,0.56,Learning to Optimize
61,1,61,1,"Shuohang Wang, Jing Jiang",0.0,0,None,25,53,0,2,7,0.0,A Compare-Aggregate Model for Matching Text Sequences
62,0,62,1,"Ziang Xie, Sida I. Wang, Jiwei Li, Daniel Lévy, Aiming Nie, Dan Jurafsky, Andrew Y. Ng",1.0,0,male,86,59,1,7,9,1.0,Data Noising as Smoothing in Neural Network Language Models
63,1,63,1,"Shengjie Wang, Haoran Cai, Jeff Bilmes, William Noble",0.0,0,None,53,77,0,4,8,0.0,Training Compressed Fully-Connected Networks with a Density-Diversity Penalty
64,0,64,1,"Akash Srivastava, Charles Sutton",84.0,0,male,32,51,1,2,6,1.0,Autoencoding Variational Inference For Topic Models
65,0,65,1,Akshay Balsubramani,92.0,0,male,19,54,1,1,6,1.0,Optimal Binary Autoencoding with Pairwise Correlations
66,1,66,1,"Yuhuai Wu, Yuri Burda, Ruslan Salakhutdinov, Roger Grosse",0.0,0,None,57,63,0,4,8,0.0,On the Quantitative Analysis of Decoder-Based Generative Models
67,1,67,1,"Chenzhuo Zhu, Song Han, Huizi Mao, William J. Dally",0.0,0,None,51,28,0,4,3,0.0,Trained Ternary Quantization
68,0,68,1,"Song Han, Jeff Pool, Sharan Narang, Huizi Mao, Enhao Gong, Shijian Tang, Erich Elsen, Peter Vajda, Manohar Paluri, John Tran, Bryan Catanzaro, William J. Dally",58.0,0,male,159,57,1,12,7,0.64,DSD: Dense-Sparse-Dense Training for Deep Neural Networks
69,0,69,1,"Michael Chang, Tomer Ullman, Antonio Torralba, Joshua Tenenbaum",11094.0,0,male,63,67,1,4,8,1.0,A Compositional Object-Based Approach to Learning Physical Dynamics
70,0,70,1,"Lukasz Kaiser, Ofir Nachum, Aurko Roy, Samy Bengio",55.0,0,male,50,32,1,4,5,1.0,Learning to Remember Rare Events
71,1,71,1,"Zhilin Yang, Ruslan Salakhutdinov, William W. Cohen",0.0,0,None,51,75,0,3,9,0.0,Transfer Learning for Sequence Tagging with Hierarchical Recurrent Networks
72,1,72,1,"Zhilin Yang, Bhuwan Dhingra, Ye Yuan, Junjie Hu, William W. Cohen, Ruslan Salakhutdinov",0.0,0,None,87,66,0,6,8,0.0,Words or Characters? Fine-grained Gating for Reading Comprehension
73,0,73,1,"Sanjeev Arora, Yingyu Liang, Tengyu Ma",125.0,0,male,38,59,1,3,8,1.0,A Simple but Tough-to-Beat Baseline for Sentence Embeddings
74,0,74,1,"Jasmine Collins, Jascha Sohl-Dickstein, David Sussillo",714.0,1,female,54,54,0,3,7,0.99,Capacity and Trainability in Recurrent Neural Networks
75,0,75,1,"Misha Denil, Pulkit Agrawal, Tejas D Kulkarni, Tom Erez, Peter Battaglia, Nando de Freitas",53.0,1,female,90,71,0,6,9,0.7,Learning to Perform Physics Experiments via Deep Reinforcement Learning
76,0,76,1,"Ofir Nachum, Mohammad Norouzi, Dale Schuurmans",28.0,0,male,46,64,1,3,7,0.86,Improving Policy Gradient by Exploring Under-appreciated Rewards
77,0,77,1,"Moshe Looks, Marcello Herreshoff, DeLesley Hutchins, Peter Norvig",60.0,0,male,65,45,1,4,6,0.98,Deep Learning with Dynamic Computation Graphs
78,1,78,1,"Zihang Dai, Amjad Almahairi, Philip Bachman, Eduard Hovy, Aaron Courville",0.0,0,None,73,56,0,5,5,0.0,Calibrating Energy-based Generative Adversarial Networks
79,0,79,1,"Pavlo Molchanov, Stephen Tyree, Tero Karras, Timo Aila, Jan Kautz",2.0,0,male,65,70,1,5,8,1.0,Pruning Convolutional Neural Networks for Resource Efficient Inference
80,1,80,1,"Minjoon Seo, Sewon Min, Ali Farhadi, Hannaneh Hajishirzi",0.0,0,None,56,47,0,4,5,0.0,Query-Reduction Networks for Question Answering
81,0,81,1,"Bowen Baker, Otkrist Gupta, Nikhil Naik, Ramesh Raskar",16.0,0,male,54,67,1,4,7,0.94,Designing Neural Network Architectures using Reinforcement Learning
82,1,82,1,"Shuohang Wang, Jing Jiang",0.0,0,None,25,57,0,2,7,0.0,Machine Comprehension Using Match-LSTM and Answer Pointer
83,0,83,1,"Tian Zhao, Xiao Bing Huang, Yu Cao",24.0,0,male,34,71,1,3,8,0.67,DeepDSL: A Compilation-based Domain-Specific Language for Deep Learning
84,1,84,1,"Minjoon Seo, Aniruddha Kembhavi, Ali Farhadi, Hannaneh Hajishirzi",0.0,0,None,65,54,0,4,6,0.0,Bidirectional Attention Flow for Machine Comprehension
85,0,85,1,"Guillaume Berger, Roland Memisevic",779.0,0,male,34,68,1,2,7,1.0,Incorporating long-range consistency in CNN-based texture generation
86,1,86,1,"Caiming Xiong, Victor Zhong, Richard Socher",0.0,0,None,43,51,0,3,6,0.0,Dynamic Coattention Networks For Question Answering
87,0,87,1,"Soroush Mehri, Kundan Kumar, Ishaan Gulrajani, Rithesh Kumar, Shubham Jain, Jose Sotelo, Aaron Courville, Yoshua Bengio",7.0,0,male,119,68,1,8,8,0.86,SampleRNN: An Unconditional End-to-End Neural Audio Generation Model
88,0,88,1,"Jessica B. Hamrick, Andrew J. Ballard, Razvan Pascanu, Oriol Vinyals, Nicolas Heess, Peter W. Battaglia",6696.0,1,female,103,55,0,6,5,1.0,Metacontrol for Adaptive Imagination-Based Optimization
89,0,89,1,"Sharan Narang, Greg Diamos, Shubho Sengupta, Erich Elsen",16.0,1,female,56,47,0,4,6,0.56,Exploring Sparsity in Recurrent Neural Networks
90,0,90,1,"Lucas Theis, Wenzhe Shi, Andrew Cunningham, Ferenc Huszár",1003.0,0,male,57,53,1,4,6,1.0,Lossy Image Compression with Compressive Autoencoders
91,0,91,1,"Yoon Kim, Carl Denton, Luong Hoang, Alexander M. Rush",14.0,1,female,53,29,0,4,3,0.5,Structured Attention Networks
92,0,92,1,"David Krueger, Tegan Maharaj, Janos Kramar, Mohammad Pezeshki, Nicolas Ballas, Nan Rosemary Ke, Anirudh Goyal, Yoshua Bengio, Aaron Courville, Christopher Pal",12593.0,0,male,158,68,1,10,8,1.0,Zoneout: Regularizing RNNs by Randomly Preserving Hidden Activations
93,0,93,1,"Dustin Tran, Matthew D. Hoffman, Rif A. Saurous, Eugene Brevdo, Kevin Murphy, David M. Blei",529.0,0,male,91,30,1,6,3,1.0,Deep Probabilistic Programming
94,0,94,1,"Jianwei Yang, Anitha Kannan, Dhruv Batra, Devi Parikh",2.0,1,female,53,78,0,4,9,0.5,LR-GAN: Layered Recursive Generative Adversarial Networks for Image Generation
95,0,95,1,"Xi Chen, Diederik P. Kingma, Tim Salimans, Yan Duan, Prafulla Dhariwal, John Schulman, Ilya Sutskever, Pieter Abbeel",17.0,0,male,116,29,1,8,3,0.71,Variational Lossy Autoencoder
96,0,96,1,"Thomas Laurent, James von Brecht",3753.0,0,male,32,40,1,2,6,1.0,A recurrent neural network without chaos
97,0,97,1,"Noam Shazeer, *Azalia Mirhoseini, *Krzysztof Maziarz, Andy Davis, Quoc Le, Geoffrey Hinton, Jeff Dean",41.0,0,male,101,79,1,7,8,0.8,Outrageously Large Neural Networks: The Sparsely-Gated Mixture-of-Experts Layer
98,0,98,1,"David Alvarez-Melis, Tommi S. Jaakkola",12593.0,0,male,38,62,1,2,6,1.0,Tree-structured decoding with doubly-recurrent neural networks
99,0,99,1,"Abhishek Sinha, Aahitagni Mukherjee, Mausoom Sarkar, Balaji Krishnamurthy",308.0,0,male,73,79,1,4,8,1.0,Introspection:Accelerating Neural Network Training By Learning Weight Evolution
100,0,100,1,"Lisha Li, Kevin Jamieson, Giulia DeSalvo, Afshin Rostamizadeh, Ameet Talwalkar",32.0,1,female,78,80,0,5,7,1.0,Hyperband: Bandit-Based Configuration Evaluation for Hyperparameter Optimization
101,0,101,1,"Greg Yang, Alexander Rush",1852.0,0,male,25,33,1,2,4,1.0,Lie-Access Neural Turing Machines
102,0,102,1,"James Bradbury, Stephen Merity, Caiming Xiong, Richard Socher",6359.0,0,male,61,31,1,4,3,0.99,Quasi-Recurrent Neural Networks
103,0,103,1,"Silvia Chiappa, Sébastien Racaniere, Daan Wierstra, Shakir Mohamed",1766.0,1,female,66,32,0,4,3,1.0,Recurrent Environment Simulators
104,0,104,1,"Aravind Rajeswaran, Sarvjeet Ghotra, Balaraman Ravindran, Sergey Levine",29.0,0,male,71,68,1,4,9,1.0,EPOpt: Learning Robust Neural Network Policies Using Model Ensembles
105,0,105,1,"Janarthanan Rajendran, Aravind Lakshminarayanan, Mitesh M. Khapra, Prasanna P, Balaraman Ravindran",2.0,0,male,98,118,1,5,17,1.0,"Attend, Adapt and Transfer: Attentive Deep Architecture for Adaptive Transfer from multiple sources in the same domain"
106,1,106,1,"Wanjia He, Weiran Wang, Karen Livescu",0.0,0,None,37,52,0,3,6,0.0,Multi-view Recurrent Neural Acoustic Word Embeddings
107,0,107,1,"John Thickstun, Zaid Harchaoui, Sham Kakade",9931.0,0,male,43,39,1,3,6,0.99,Learning Features of Music From Scratch
108,0,108,1,"Dan Hendrycks, Kevin Gimpel",3240.0,0,male,27,90,1,2,11,0.98,A Baseline for Detecting Misclassified and Out-of-Distribution Examples in Neural Networks
109,0,109,1,"Rudy Bunel, Alban Desmaison, M. Pawan Kumar, Philip H.S. Torr, Pushmeet Kohli",220.0,0,male,77,34,1,5,4,0.95,Learning to superoptimize programs
110,0,110,1,"Leonard Berrada, Andrew Zisserman, M. Pawan Kumar",201.0,0,male,49,38,1,3,6,1.0,Trusting SVM for Piecewise Linear CNNs
111,0,111,1,"Peter O'Connor, Max Welling",4373.0,0,male,27,30,1,2,4,1.0,Sigma Delta Quantized Networks
112,1,112,1,"Zhouhan Lin, Minwei Feng, Cicero Nogueira dos Santos, Mo Yu, Bing Xiang, Bowen Zhou, Yoshua Bengio",0.0,0,None,98,46,0,7,5,0.0,A STRUCTURED SELF-ATTENTIVE SENTENCE EMBEDDING
113,0,113,1,"Pau Rodríguez, Jordi Gonzàlez, Guillem Cucurull, Josep M. Gonfaus, Xavier Roca",208.0,1,female,78,57,0,5,6,0.65,Regularizing CNNs with Locally Constrained Decorrelations
114,0,114,1,"Chris J. Maddison, Andriy Mnih, Yee Whye Teh",8631.0,0,male,44,79,1,3,10,0.93,The Concrete Distribution: A Continuous Relaxation of Discrete Random Variables
115,0,115,1,"Luke Metz, Ben Poole, David Pfau, Jascha Sohl-Dickstein",1408.0,0,male,55,40,1,4,4,1.0,Unrolled Generative Adversarial Networks
116,0,116,1,"Adji B. Dieng, Chong Wang, Jianfeng Gao, John Paisley",9.0,0,male,53,72,1,4,9,0.89,TopicRNN: A Recurrent Neural Network with Long-Range Semantic Dependency
117,0,117,1,"Michał Daniluk, Tim Rocktäschel, Johannes Welbl, Sebastian Riedel",82.0,0,male,65,63,1,4,8,1.0,Frustratingly Short Attention Spans in Neural Language Modeling
118,1,118,1,"Hanjun Dai, Bo Dai, Yan-Ming Zhang, Shuang Li, Le Song",0.0,0,None,54,34,0,5,4,0.0,Recurrent Hidden Semi-Markov Model
119,0,119,1,"Maximilian Karl, Maximilian Soelch, Justin Bayer, Patrick van der Smagt",68.0,0,male,71,89,1,4,13,1.0,Deep Variational Bayes Filters: Unsupervised Learning of State Space Models from Raw Data
120,0,120,1,"Ishan Durugkar, Ian Gemp, Sridhar Mahadevan",28.0,0,male,43,37,1,3,3,0.96,Generative Multi-Adversarial Networks
121,0,121,1,"Caglar Gulcehre, Marcin Moczulski, Francesco Visin, Yoshua Bengio",1.0,0,male,65,19,1,4,2,1.0,Mollifying Networks
122,0,122,1,"Irina Higgins, Loic Matthey, Arka Pal, Christopher Burgess, Xavier Glorot, Matthew Botvinick, Shakir Mohamed, Alexander Lerchner",295.0,1,female,128,81,0,8,10,0.99,beta-VAE: Learning Basic Visual Concepts with a Constrained Variational Framework
123,0,123,1,"Samuel L. Smith, David H. P. Turban, Steven Hamblin, Nils Y. Hammerla",1409.0,0,male,69,83,1,4,10,1.0,"Offline bilingual word vectors, orthogonal transformations and the inverted softmax"
124,0,124,1,"Luisa M Zintgraf, Taco S Cohen, Tameem Adel, Max Welling",732.0,1,female,56,73,0,4,8,1.0,Visualizing Deep Neural Network Decisions: Prediction Difference Analysis
125,0,125,1,"Eric Jang, Shixiang Gu, Ben Poole",4110.0,0,male,33,50,1,3,4,1.0,Categorical Reparameterization with Gumbel-Softmax
126,0,126,1,"Priyank Jaini, Zhitang Chen, Pablo Carbajal, Edith Law, Laura Middleton, Kayla Regan, Mike Schaekermann, George Trimponias, James Tung, Pascal Poupart",6.0,0,male,150,62,1,10,8,1.0,Online Bayesian Transfer Learning for Sequential Data Modeling
127,0,127,1,"William Chan, Yu Zhang, Quoc Le, Navdeep Jaitly",2626.0,0,male,47,30,1,4,3,1.0,Latent Sequence Decompositions
128,0,128,1,"Hang Qi, Evan R. Sparks, Ameet Talwalkar",37.0,1,female,40,51,0,3,8,0.62,Paleo: A Performance Model for Deep Neural Networks
129,0,129,1,"Brendan O'Donoghue, Remi Munos, Koray Kavukcuoglu, Volodymyr Mnih",517.0,0,male,65,40,1,4,5,1.0,Combining policy gradient and Q-learning
130,0,130,1,"Laurent Dinh, Jascha Sohl-Dickstein, Samy Bengio",571.0,0,male,48,33,1,3,5,0.99,Density estimation using Real NVP
131,0,131,1,"Tim Cooijmans, Nicolas Ballas, César Laurent, Çağlar Gülçehre, Aaron Courville",2949.0,0,male,78,29,1,5,3,0.99,Recurrent Batch Normalization
132,0,132,1,"Ilya Loshchilov, Frank Hutter",42.0,0,male,29,52,1,2,7,0.98,SGDR: Stochastic Gradient Descent with Warm Restarts
133,0,133,1,"Arvind Neelakantan, Quoc V. Le, Martin Abadi, Andrew McCallum, Dario Amodei",73.0,0,male,75,60,1,5,8,1.0,Learning a Natural Language Interface with Neural Programmer
134,0,134,1,"Mohammad Babaeizadeh, Iuri Frosio, Stephen Tyree, Jason Clemons, Jan Kautz",919.0,0,male,74,75,1,5,9,1.0,Reinforcement Learning through Asynchronous Advantage Actor-Critic on a GPU
135,0,135,1,"Piotr Mirowski, Razvan Pascanu, Fabio Viola, Hubert Soyer, Andy Ballard, Andrea Banino, Misha Denil, Ross Goroshin, Laurent Sifre, Koray Kavukcuoglu, Dharshan Kumaran,Raia Hadsell",176.0,0,male,179,44,1,12,6,1.0,Learning to Navigate in Complex Environments
136,0,136,1,"Matej Balog, Alexander L. Gaunt, Marc Brockschmidt, Sebastian Nowozin, Daniel Tarlow",59.0,0,male,84,37,1,5,5,1.0,DeepCoder: Learning to Write Programs
137,0,137,1,"Stefan Depeweg, José Miguel Hernández-Lobato, Finale Doshi-Velez, Steffen Udluft",917.0,0,male,80,88,1,4,12,1.0,Learning and Policy Search in Stochastic Dynamical Systems with Bayesian Neural Networks
138,0,138,1,"Yacine Jernite, Edouard Grave, Armand Joulin, Tomas Mikolov",54.0,0,male,59,49,1,4,6,0.98,Variable Computation in Recurrent Neural Networks
139,0,139,1,"Alexander A. Alemi, Ian Fischer, Joshua V. Dillon, Kevin Murphy",1645.0,0,male,63,39,1,4,4,1.0,Deep Variational Information Bottleneck
140,0,140,1,"Lei Yu, Phil Blunsom, Chris Dyer, Edward Grefenstette, Tomas Kocisky",54.0,1,female,68,24,0,5,4,0.56,The Neural Noisy Channel
141,1,141,1,"W. James Murdoch, Arthur Szlam",0.0,0,None,30,62,0,2,9,0.0,Automatic Rule Extraction from Long Short Term Memory Networks
142,1,142,1,"Jiwei Li, Alexander H. Miller, Sumit Chopra, Marc'Aurelio Ranzato, Jason Weston",0.0,0,None,79,40,0,5,4,0.0,Dialogue Learning With Human-in-the-Loop
143,0,143,1,"Vincent Dumoulin, Ishmael Belghazi, Ben Poole, Alex Lamb, Martin Arjovsky, Olivier Mastropietro, Aaron Courville",1424.0,0,male,112,31,1,7,3,1.0,Adversarially Learned Inference
144,1,144,1,"Jiwei Li, Alexander H. Miller, Sumit Chopra, Marc'Aurelio Ranzato, Jason Weston",0.0,0,None,79,58,0,5,7,0.0,Learning through Dialogue Interactions by Asking Questions
145,0,145,1,"Samuel S. Schoenholz, Justin Gilmer, Surya Ganguli, Jascha Sohl-Dickstein",1409.0,0,male,73,28,1,4,3,1.0,Deep Information Propagation
146,0,146,1,"Gustav Larsson, Michael Maire, Gregory Shakhnarovich",98.0,0,male,52,56,1,3,6,0.78,FractalNet: Ultra-Deep Neural Networks without Residuals
147,0,147,1,"David Lopez-Paz, Maxime Oquab",12593.0,0,male,29,38,1,2,4,1.0,Revisiting Classifier Two-Sample Tests
148,0,148,1,"Sahil Sharma, Aravind S. Lakshminarayanan, Balaraman Ravindran",62.0,0,male,62,82,1,3,11,1.0,Learning to Repeat: Fine Grained Action Repetition for Deep Reinforcement Learning
149,0,149,1,"Lu Hou, Quanming Yao, James T. Kwok",249.0,1,female,35,40,0,3,5,0.79,Loss-aware Binarization of Deep Networks
150,0,150,1,"Frank S.He, Yang Liu, Alexander G. Schwing, Jian Peng",1565.0,0,male,53,86,1,4,13,1.0,Learning to Play in a Day: Faster Deep Reinforcement Learning by Optimality Tightening
151,1,151,1,"Junbo Zhao, Michael Mathieu, Yann LeCun",0.0,0,None,39,44,0,3,4,0.0,Energy-based Generative Adversarial Networks
152,0,152,1,"Werner Zellinger, Thomas Grubinger, Edwin Lughofer, Thomas Natschläger, Susanne Saminger-Platz",80.0,0,male,94,77,1,5,8,1.0,Central Moment Discrepancy (CMD) for Domain-Invariant Representation Learning
153,1,153,1,"Aojun Zhou, Anbang Yao, Yiwen Guo, Lin Xu, Yurong Chen",0.0,0,None,54,82,0,5,9,0.0,Incremental Network Quantization: Towards Lossless CNNs with Low-precision Weights
154,0,154,1,"Pratik Chaudhari, Anna Choromanska, Stefano Soatto, Yann LeCun, Carlo Baldassi, Christian Borgs, Jennifer Chayes, Levent Sagun, Riccardo Zecchina",60.0,0,male,145,55,1,9,7,1.0,Entropy-SGD: Biasing Gradient Descent Into Wide Valleys
155,1,155,1,"Yongxin Yang, Timothy M. Hospedales",0.0,0,None,35,72,0,2,8,0.0,Deep Multi-task Representation Learning: A Tensor Factorisation Approach
156,1,156,1,"Ziyu Wang, Victor Bapst, Nicolas Heess, Volodymyr Mnih, Remi Munos, Koray Kavukcuoglu, Nando de Freitas",0.0,0,None,103,52,0,7,6,0.0,Sample Efficient Actor-Critic with Experience Replay
157,0,157,1,"Samuli Laine, Timo Aila",30.0,0,male,23,48,1,2,5,1.0,Temporal Ensembling for Semi-Supervised Learning
158,0,158,1,"Jan Hendrik Metzen, Tim Genewein, Volker Fischer, Bastian Bischoff",1663.0,0,male,66,38,1,4,4,0.6,On Detecting Adversarial Perturbations
159,0,159,1,"Jacob Goldberger, Ehud Ben-Reuven",1309.0,0,male,33,60,1,2,8,1.0,Training deep neural-networks using a noise adaptation layer
160,0,160,1,"Dani Yogatama, Phil Blunsom, Chris Dyer, Edward Grefenstette, Wang Ling",833.0,1,female,71,68,0,5,9,0.61,Learning to Compose Words into Sentences with Reinforcement Learning
161,1,161,1,"Yanpei Liu, Xinyun Chen, Chang Liu, Dawn Song",0.0,0,None,45,68,0,4,8,0.0,Delving into Transferable Adversarial Examples and Black-box Attacks
162,0,162,1,"Moritz Hardt, Tengyu Ma",35.0,0,male,23,33,1,2,5,1.0,Identity Matters in Deep Learning
163,0,163,1,"Jeff Donahue, Philipp Krähenbühl, Trevor Darrell",2925.0,0,male,48,28,1,3,3,1.0,Adversarial Feature Learning
164,0,164,1,"Yoojin Choi, Mostafa El-Khamy, Jungwon Lee",4.0,1,female,42,41,0,3,6,1.0,Towards the Limit of Network Quantization
165,1,165,1,"Jongsoo Park, Sheng Li, Wei Wen, Ping Tak Peter Tang, Hai Li, Yiran Chen, Pradeep Dubey",0.0,0,None,87,62,0,7,9,0.0,Faster CNNs with Direct Sparse Convolutions and Guided Pruning
166,0,166,1,"Eric Nalisnick, Padhraic Smyth",4110.0,0,male,30,39,1,2,3,1.0,Stick-Breaking Variational Autoencoders
167,1,167,1,"Kirthevasan Kandasamy, Yoram Bachrach, Ryota Tomioka, Daniel Tarlow, David Carter",0.0,0,None,81,70,0,5,9,0.0,Batch Policy Gradient Methods for Improving Neural Conversation Models
168,1,168,1,"Yingzhen Yang, Jiahui Yu, Pushmeet Kohli, Jianchao Yang, Thomas S. Huang",0.0,0,None,72,54,0,5,8,0.0,Support Regularized Sparse Coding and Its Fast Encoder
169,0,169,1,"Hakan Inan, Khashayar Khosravi, Richard Socher",876.0,0,male,46,79,1,3,12,0.99,Tying Word Vectors and Word Classifiers: A Loss Framework for Language Modeling
170,1,170,1,"Haizi Yu, Lav R. Varshney",0.0,0,None,25,98,0,2,11,0.0,Towards Deep Interpretability (MUS-ROVER II): Learning Hierarchical Representations of Tonal Music
171,0,171,1,Jason Tyler Rolfe,4927.0,0,male,17,33,1,1,3,1.0,Discrete Variational Autoencoders
172,0,172,1,"Gregor Urban, Krzysztof J. Geras, Samira Ebrahimi Kahou, Ozlem Aslan, Shengjie Wang, Abdelrahman Mohamed, Matthai Philipose, Matt Richardson, Rich Caruana",64.0,0,male,154,68,1,9,11,1.0,Do Deep Convolutional Nets Really Need to be Deep and Convolutional?
173,0,173,1,"Jiaqi Mu, Suma Bhat, Pramod Viswanath",1.0,1,female,37,20,0,3,3,1.0,Geometry of Polysemy
174,0,174,1,"Gautam Pai, Aaron Wetzler, Ron Kimmel",70.0,0,male,37,51,1,3,6,1.0,Learning Invariant Representations Of Planar Curves
175,1,175,1,"Tsendsuren Munkhdalai, Hong Yu",0.0,0,None,30,74,0,2,9,0.0,Reasoning with Memory Augmented Neural Networks for Language Comprehension
176,1,176,1,"Eyrun Eyjolfsdottir, Kristin Branson, Yisong Yue, Pietro Perona",0.0,0,None,63,69,0,4,7,0.0,Learning Recurrent Representations for Hierarchical Behavior Modeling
177,0,177,1,"Alexey Kurakin, Ian J. Goodfellow, Samy Bengio",45.0,0,male,46,37,1,3,5,1.0,Adversarial Machine Learning at Scale
178,0,178,1,"Jacek M. Bajor, Thomas A. Lasko",97.0,0,male,31,75,1,2,9,0.99,Predicting Medications from Diagnostic Codes with Recurrent Neural Networks
179,0,179,1,"Loris Bazzani, Hugo Larochelle, Lorenzo Torresani",37.0,0,male,49,69,1,3,8,1.0,Recurrent Mixture Density Network for Spatiotemporal Visual Attention
180,0,180,1,"Nadav Cohen, Amnon Shashua",29.0,0,male,26,70,1,2,9,1.0,Inductive Bias of Deep Convolutional Networks through Pooling Geometry
181,0,181,1,"Ronen Basri, David W. Jacobs",30.0,0,male,28,73,1,2,8,1.0,Efficient Representation of Low-Dimensional Manifolds using Deep Networks
182,0,182,1,"Thomas N. Kipf, Max Welling",3753.0,0,male,27,64,1,2,6,1.0,Semi-Supervised Classification with Graph Convolutional Networks
183,0,183,1,"Arash Ardakani, Carlo Condo, Warren J. Gross",57.0,0,male,44,97,1,3,11,1.0,Sparsely-Connected Neural Networks: Towards Efficient VLSI Implementation of Deep Neural Networks
184,0,184,1,"Takeru Miyato, Andrew M. Dai, Ian Goodfellow",1.0,0,male,44,68,1,3,7,1.0,Adversarial Training Methods for Semi-Supervised Text Classification
185,0,185,1,"Yossi Adi, Einat Kermany, Yonatan Belinkov, Ofer Lavi, Yoav Goldberg",58.0,0,male,68,77,1,5,9,0.91,Fine-grained Analysis of Sentence Embeddings Using Auxiliary Prediction Tasks
186,0,186,1,"Stephen Merity, Caiming Xiong, James Bradbury, Richard Socher",2608.0,0,male,61,31,1,4,4,1.0,Pointer Sentinel Mixture Models
187,1,187,1,"Dzmitry Bahdanau, Philemon Brakel, Kelvin Xu, Anirudh Goyal, Ryan Lowe, Joelle Pineau, Aaron Courville, Yoshua Bengio",0.0,0,None,117,49,0,8,6,0.0,An Actor-Critic Algorithm for Sequence Prediction
188,0,188,1,"Thomas Moreau, Joan Bruna",3753.0,0,male,25,63,1,2,7,1.0,Understanding Trainable Sparse Coding with Matrix Factorization
189,0,189,1,Nicolas Le Roux,1953.0,0,male,15,43,1,1,6,1.0,Tighter bounds lead to improved classifiers
190,0,190,1,"Cezary Kaliszyk, François Chollet, Christian Szegedy",5.0,0,male,52,74,1,3,10,1.0,HolStep: A Machine Learning Dataset for Higher-order Logic Theorem Proving
191,1,191,1,"Shiyu Liang, R. Srikant",0.0,0,None,23,52,0,2,7,0.0,Why Deep Neural Networks for Function Approximation?
192,1,192,1,"Junyoung Chung, Sungjin Ahn, Yoshua Bengio",0.0,0,None,42,49,0,3,5,0.0,Hierarchical Multiscale Recurrent Neural Networks
193,0,193,1,"Andrew Brock, Theodore Lim, J.M. Ritchie, Nick Weston",5168.0,0,male,53,60,1,4,7,1.0,Neural Photo Editing with Introspective Adversarial Networks
194,1,194,1,"Xuezhe Ma, Yingkai Gao, Zhiting Hu, Yaoliang Yu, Yuntian Deng, Eduard Hovy",0.0,0,None,74,46,0,6,4,0.0,Dropout with Expectation-linear Regularization
195,0,195,1,"David Ha, Andrew M. Dai, Quoc V. Le",12593.0,0,male,35,13,1,3,1,1.0,HyperNetworks
196,0,196,1,"Vincent Dumoulin, Jonathon Shlens, Manjunath Kudlur",1424.0,0,male,51,43,1,3,6,1.0,A Learned Representation For Artistic Style
197,1,197,1,"Jin-Hwa Kim, Kyoung-Woon On, Woosang Lim, Jeonghee Kim, Jung-Woo Ha, Byoung-Tak Zhang",0.0,0,None,85,46,0,6,6,0.0,Hadamard Product for Low-rank Bilinear Pooling
0,0,0,0,"Miltiadis Allamanis, Pankajan Chanthirasegaran, Pushmeet Kohli, Charles Sutton",1.0,0,male,78,68,1,4,7,1.0,Learning Continuous Semantic Representations of Symbolic Expressions
1,0,1,0,"David Raposo, Adam Santoro, David Barrett, Razvan Pascanu, Timothy Lillicrap, Peter Battaglia",12593.0,0,male,93,76,1,6,9,1.0,Discovering objects and their relations from entangled scene representations
2,0,2,0,"Ryan Lowe, Michael Noseworthy, Iulian V. Serban, Nicolas Angelard-Gontier, Yoshua Bengio, Joelle Pineau",4755.0,0,male,103,73,1,6,10,0.99,Towards an automatic Turing test: Learning to evaluate dialogue responses
3,0,3,0,"John Arevalo, Thamar Solorio, Manuel Montes-y-Gómez, Fabio A. González",9931.0,0,male,70,45,1,4,6,0.99,Gated Multimodal Units for Information Fusion
4,0,4,0,"Pierre Sermanet, Kelvin Xu, Sergey Levine",852.0,0,male,41,54,1,3,6,0.99,Unsupervised Perceptual Rewards for Imitation Learning
5,1,5,0,"Beilun Wang, Ji Gao, Yanjun Qi",0.0,0,None,30,88,0,3,11,0.0,A Theoretical Framework for Robustness of (Deep) Classifiers against Adversarial Samples
6,0,6,0,"Alexander L. Gaunt, Marc Brockschmidt, Nate Kushman, Daniel Tarlow",1645.0,0,male,66,42,1,4,5,1.0,Lifelong Perceptual Programming By Example
7,0,7,0,"Philip Blair, Yuval Merhav, Joel Barry",1097.0,0,male,38,95,1,3,11,1.0,Automated Generation of Multilingual Clusters for the Evaluation of Distributed Representations
8,0,8,0,"Francesco Orsini, Daniele Baracchi, Paolo Frasconi",1093.0,0,male,50,32,1,3,4,1.0,Shift Aggregate Extract Networks
9,0,9,0,"Matko Bošnjak, Tim Rocktäschel, Jason Naradowsky, Sebastian Riedel",3.0,0,male,66,51,1,4,6,1.0,Programming With a Differentiable Forth Interpreter
10,0,10,0,"Jorge Albericio, Patrick Judd, Alberto Delmas, Sayeh Sharify, Andreas Moshovos",3183.0,0,male,78,43,1,5,5,1.0,Bit-Pragmatic Deep Neural Network Computing
11,0,11,0,"Vicenç Rubies Royo, Claire Tomlin",4.0,0,male,33,77,1,2,10,1.0,Recursive Regression with Neural Networks: Approximating the HJI PDE Solution
12,0,12,0,"Carson Eisenach, Zhaoran Wang, Han Liu",83.0,0,male,38,67,1,3,8,0.81,Nonparametrically Learning Activation Functions in Deep Neural Nets
13,0,13,0,"Mehdi Mirza, Aaron Courville, Yoshua Bengio",329.0,0,male,43,49,1,3,5,0.99,Generalizable Features From Unsupervised Learning
14,0,14,0,"Siamak Ravanbakhsh, Jeff Schneider, Barnabas Poczos",24.0,0,male,51,40,1,3,7,1.0,Deep Learning with Sets and Point Clouds
15,0,15,0,"Alexander Novikov, Mikhail Trofimov, Ivan Oseledets",1645.0,0,male,51,20,1,3,2,1.0,Exponential Machines
16,0,16,0,"Hang Chu, Raquel Urtasun, Sanja Fidler",37.0,1,female,38,68,0,3,11,0.62,Song From PI: A Musically Plausible Network for Pop Music Generation
17,0,17,0,"Eugene Belilovsky, Kyle Kastner, Gael Varoquaux, Matthew B. Blaschko",319.0,0,male,68,44,1,4,6,0.98,Learning to Discover Sparse Graphical Models
18,1,18,0,"Dilin Wang, Qiang Liu",0.0,0,None,21,95,0,2,13,0.0,Learning to Draw Samples: With Application to Amortized MLE for Generative Adversarial Learning
19,0,19,0,"César Laurent, Nicolas Ballas, Pascal Vincent",222.0,0,male,45,35,1,3,3,1.0,Recurrent Normalization Propagation
20,0,20,0,"Scott Reed, Aäron van den Oord, Nal Kalchbrenner, Victor Bapst, Matt Botvinick, Nando de Freitas",3450.0,0,male,96,59,1,6,6,1.0,Generating Interpretable Images with Controllable Structure
21,0,21,0,"Herve Glotin, Julien Ricard, Randall Balestriero",14.0,0,male,48,96,1,3,15,1.0,Fast Chirplet Transform to Enhance CNN Machine Listening - Validation on Animal calls and Speech
22,0,22,0,Yuandong Tian,1.0,0,male,13,100,1,1,11,1.0,Symmetry-Breaking Convergence Analysis of Certain Two-layered Neural Networks with ReLU nonlinearity
23,0,23,0,"Édouard Grave, Armand Joulin, Moustapha Cissé, David Grangier, Hervé Jégou",16.0,0,male,74,40,1,5,5,1.0,Efficient Softmax Approximation for GPUs
24,0,24,0,"Terrance DeVries, Graham W. Taylor",72.0,0,male,34,37,1,2,5,1.0,Dataset Augmentation in Feature Space
25,0,25,0,"Wilson Hsu, Agastya Kalra, Pascal Poupart",544.0,0,male,41,71,1,3,9,0.99,Online Structure Learning for Sum-Product Networks with Gaussian Leaves
26,0,26,0,"David Balduzzi, Brian McWilliams, Tony Butler-Yeoman",12593.0,0,male,52,79,1,3,9,1.0,Neural Taylor Approximations: Convergence and Exploration in Rectifier Networks
27,0,27,0,"Ben Krause, Iain Murray, Steve Renals, Liang Lu",3363.0,0,male,47,42,1,4,5,0.99,Multiplicative LSTM for sequence modelling
28,0,28,0,"John K. Feser, Marc Brockschmidt, Alexander L. Gaunt, Daniel Tarlow",9931.0,0,male,67,29,1,4,3,0.99,Neural Functional Programming
29,0,29,0,"Natasha Jaques, Shixiang Gu, Richard E. Turner, Douglas Eck",981.0,1,female,59,60,0,4,7,1.0,Tuning Recurrent Neural Networks with Reinforcement Learning
30,0,30,0,"Eder Santana, Jose C Principe",89.0,0,male,29,100,1,2,11,0.98,Perception Updating Networks: On architectural constraints for interpretable video generative models
31,0,31,0,"Yang Fan, Fei Tian, Tao Qin, Tie-Yan Liu",93.0,0,male,40,64,1,4,8,0.65,Neural Data Filter for Bootstrapping Stochastic Gradient Descent
32,0,32,0,"Joshua Achiam, Shankar Sastry",1570.0,0,male,29,67,1,2,7,0.99,Surprise-Based Intrinsic Motivation for Deep Reinforcement Learning
33,0,33,0,"Shakir Mohamed, Balaji Lakshminarayanan",15.0,0,male,39,38,1,2,5,1.0,Learning in Implicit Generative Models
34,1,34,0,"Yunchen Pu, Martin Renqiang Min, Zhe Gan, Lawrence Carin",0.0,0,None,56,62,0,4,8,0.0,Adaptive Feature Abstraction for Translating Video to Language
35,0,35,0,"Amit Deshpande, Sushrut Karmalkar",479.0,0,male,33,40,1,2,7,0.99,On Robust Concepts and Small Neural Nets
36,0,36,0,"Leon Sixt, Benjamin Wild, Tim Landgraf",409.0,0,male,38,44,1,3,5,0.99,RenderGAN: Generating Realistic Labeled Data
37,0,37,0,"Elad Hoffer, Nir Ailon",47.0,0,male,22,49,1,2,6,1.0,Semi-supervised deep learning by metric embedding
38,0,38,0,"Tao Wei, Changhu Wang, Chang Wen Chen",27.0,0,male,37,39,1,3,5,0.7,Modularized Morphing of Neural Networks
39,0,39,0,"Amit Daniely, Nevena Lazic, Yoram Singer, Kunal Talwar",479.0,0,male,54,45,1,4,7,0.99,Short and Deep: Sketching and Neural Networks
40,0,40,0,"Jacob Andreas, Dan Klein, Sergey Levine",1309.0,0,male,39,61,1,3,7,1.0,Modular Multitask Reinforcement Learning with Policy Sketches
41,0,41,0,"Masatoshi Hidaka, Ken Miura, Tatsuya Harada",1.0,0,male,43,94,1,3,11,1.0,Development of JavaScript-based deep learning platform and application to distributed training
42,0,42,0,"Jonas Degrave, Michiel Hermans, Joni Dambre, Francis wyffels",628.0,0,male,60,61,1,4,9,1.0,A Differentiable Physics Engine for Deep Learning in Robotics
43,0,43,0,"Robert Gens, Pedro Domingos",5222.0,0,male,27,29,1,2,3,1.0,Compositional Kernel Machines
44,0,44,0,"Georg Martius, Christoph H. Lampert",64.0,0,male,35,36,1,2,4,1.0,Extrapolation and learning equations
45,0,45,0,"Alexey Kurakin, Ian J. Goodfellow, Samy Bengio",45.0,0,male,46,42,1,3,6,1.0,Adversarial examples in the physical world
46,0,46,0,Armen Aghajanyan,24.0,0,male,16,78,1,1,11,0.96,Charged Point Normalization: An Efficient Solution to the Saddle Point Problem
47,0,47,0,"Bailey Kong, Charless C. Fowlkes",215.0,1,female,32,36,0,2,4,0.85,Energy-Based Spherical Sparse Coding
48,0,48,0,Luis Gonzalo Sanchez Giraldo,4053.0,0,male,28,34,1,1,3,1.0,Revisiting Denoising Auto-Encoders
49,0,49,0,"Rico Jonschkowski, Oliver Brock",131.0,0,male,31,38,1,2,4,0.99,End-to-End Learnable Histogram Filters
50,0,50,0,"Zoe McCarthy, Andrew Bai, Xi Chen, Pieter Abbeel",509.0,1,female,48,58,0,4,7,1.0,Rotation Plane Doubly Orthogonal Recurrent Neural Networks
51,1,51,0,"Hyeokjun Choe, Seil Lee, Hyunha Nam, Seongsik Park, Seijoon Kim, Eui-Young Chung, Sungroh Yoon",0.0,0,None,94,41,0,7,5,0.0,Near-Data Processing for Machine Learning
52,0,52,0,"Jean Harb, Doina Precup",1523.0,1,female,23,66,0,2,8,0.53,Investigating Recurrence and Eligibility Traces in Deep Q-Networks
53,0,53,0,"Jose Rozanec, Gilad Katz, Eui Chul Richard Shin, Dawn Song",3821.0,0,male,58,75,1,4,10,0.99,Exploring the Application of Deep Learning for Supervised Learning Problems
54,0,54,0,"Daniel Jiwoong Im, Michael Tao, Kristin Branson",8180.0,0,male,47,51,1,3,8,1.0,An Empirical Analysis of Deep Network Loss Surfaces
55,0,55,0,"Vittal Premachandran, Alan L. Yuille",2.0,0,male,36,74,1,2,8,1.0,Unsupervised Learning Using Generative Adversarial Training And Clustering
56,0,56,0,"Haoran Tang, Rein Houthooft, Davis Foote, Adam Stooke, Xi Chen, Yan Duan, John Schulman, Filip De Turck, Pieter Abbeel",1.0,0,male,118,80,1,9,10,1.0,#Exploration: A Study of Count-Based Exploration for Deep Reinforcement Learning
57,0,57,0,"Jake Snell, Kevin Swersky, Richard Zemel",1410.0,0,male,40,43,1,3,5,0.99,Prototypical Networks for Few-shot Learning
58,0,58,0,"Eugene Vorontsov, Chiheb Trabelsi, Samuel Kadoury, Chris Pal",319.0,0,male,60,76,1,4,10,0.98,On orthogonality and learning recurrent networks with long term dependencies
59,0,59,0,"Yan Wang, Kun He, John E. Hopcroft, Yu Sun",203.0,0,male,42,41,1,4,8,0.51,Deep Neural Networks and the Tree of Life
60,0,60,0,"Daniel Jiwoong Im, He Ma, Chris Dongjoo Kim, Graham Taylor",8180.0,0,male,58,38,1,4,3,1.0,Generative Adversarial Parallelization
61,1,61,0,"Masatosi Uehara, Issei Sato, Masahiro Suzuki, Kotaro Nakayama, Yutaka Matsuo",0.0,0,None,76,59,0,5,7,0.0,b-GAN: Unified Framework of Generative Adversarial Networks
62,0,62,0,"Rohollah Soltani, Hui Jiang",1.0,0,male,27,38,1,2,5,1.0,Higher Order Recurrent Neural Networks
63,1,63,0,"Shuangfei Zhai, Yu Cheng, Rogerio Feris, Zhongfei Zhang",0.0,0,None,55,78,0,4,10,0.0,Generative Adversarial Networks as Variational Training of Energy Based Models
64,0,64,0,"Melanie Ducoffe, Frederic Precioso",2137.0,1,female,34,76,0,2,11,1.0,Introducing Active Learning for CNN under the light of Variational Inference
65,1,65,0,"Ziyuan Lin, Jaakko Peltonen",0.0,0,None,27,83,0,2,11,0.0,An Information Retrieval Approach for Finding Dependent Subspaces of Multiple Views
66,0,66,0,"Xin Zheng, Zhenzhou Wu",35.0,1,female,22,70,0,2,7,0.63,Character-aware Attention Residual Network for Sentence Representation
67,0,67,0,"Pranav Shyam, Ambedkar Dukkipati",62.0,0,male,32,31,1,2,3,1.0,Attentive Recurrent Comparators
68,0,68,0,"Makoto Nakatsuji, Hisashi Ito, Naruhiro Ikeda, Shota Sagara, Akihisa Fujita",28.0,0,male,75,87,1,5,12,1.0,CAN AI GENERATE LOVE ADVICE?: TOWARD NEURAL ANSWER GENERATION FOR NON-FACTOID QUESTIONS
69,0,69,0,"Aditya Grover, Stefano Ermon",282.0,0,male,28,25,1,2,3,1.0,Boosted Generative Models
70,0,70,0,"Jernej Kos, Ian Fischer, Dawn Song",20.0,0,male,34,42,1,3,5,1.0,Adversarial examples for generative models
71,0,71,0,"Philip Bachman, Alessandro Sordoni, Adam Trischler",1097.0,0,male,50,34,1,3,3,1.0,Towards Information-Seeking Agents
72,0,72,0,Taewan Kim,1.0,0,male,10,53,1,1,8,1.0,Multi-label learning with the RNNs for Fashion Search
73,0,73,0,"Matthias Dorfer, Jan Schlüter, Gerhard Widmer",257.0,0,male,45,45,1,3,4,1.0,Differentiable Canonical Correlation Analysis
74,0,74,0,"Louis Shao, Stephan Gouws, Denny Britz, Anna Goldie, Brian Strope, Ray Kurzweil",654.0,0,male,79,69,1,6,9,0.99,Generating Long and Diverse Responses with Neural Conversation Models
75,0,75,0,"Guillaume Alain, Yoshua Bengio",779.0,0,male,30,64,1,2,7,1.0,Understanding intermediate layers using linear classifier probes
76,0,76,0,"Christopher Tensmeyer, Tony Martinez",2339.0,0,male,36,81,1,2,9,1.0,Improving Invariance and Equivariance Properties of Convolutional Neural Networks
77,0,77,0,"Tao Lin, Tian Guo, Karl Aberer",27.0,0,male,30,74,1,3,12,0.7,TreNet: Hybrid Neural Networks for Learning the Local Trend in Time Series
78,0,78,0,"Jakob Foerster, Justin Gilmer, Jan Chorowski, Jascha Sohl-dickstein, David Sussillo",148.0,0,male,83,66,1,5,8,0.99,Intelligible Language Modeling with Input Switched Affine Networks
79,0,79,0,"Daniel Berio, Memo Akten, Frederic Fol Leymarie, Mick Grierson, Réjean Plamondon",8180.0,0,male,80,112,1,5,14,1.0,Sequence generation with a physiologically plausible model of handwriting and Recurrent Mixture Density Networks
80,0,80,0,"Thomas Nedelec, Elena Smirnova, Flavian Vasile",3753.0,0,male,46,113,1,3,15,1.0,CONTENT2VEC: SPECIALIZING JOINT REPRESENTATIONS OF PRODUCT IMAGES AND TEXT FOR THE TASK OF PRODUCT RECOMMENDATION
81,0,81,0,"Mehdi Cherti, Balázs Kégl, Akın Kazakçı",329.0,0,male,39,59,1,3,6,0.99,Out-of-class novelty generation: an experimental foundation
82,0,82,0,"Kazuma Hashimoto, Caiming Xiong, Yoshimasa Tsuruoka, Richard Socher",4.0,0,male,67,72,1,4,12,0.75,A Joint Many-Task Model: Growing a Neural Network for Multiple NLP Tasks
83,0,83,0,"Matthew Riemer, Elham Khabiri, Richard Goodwin",3338.0,0,male,46,87,1,3,11,1.0,Representation Stability as a Regularizer for Improved Text Analytics Transfer Learning
84,0,84,0,"Eric Price, Wojciech Zaremba, Ilya Sutskever",4110.0,0,male,44,44,1,3,7,1.0,Extensions and Limitations of the Neural GPU
85,0,85,0,"Dawei Li, Xiaolong Wang, Deguang Kong, Mooi Choo Chuah",2.0,0,male,54,96,1,4,13,1.0,DeepRebirth: A General Approach for Accelerating Deep Neural Network Execution on Mobile Devices
86,0,86,0,"Evan Racah, Christopher Beckham, Tegan Maharaj, Prabhat, Christopher Pal",657.0,0,male,72,77,1,5,10,0.97,Semi-Supervised Detection of Extreme Weather Events in Large Climate Datasets
87,1,87,0,"Youngjoo Seo, Michaël Defferrard, Pierre Vandergheynst, Xavier Bresson",0.0,0,None,70,72,0,4,8,0.0,Structured Sequence Modeling with Graph Convolutional Recurrent Networks
88,0,88,0,"Yang Yu, Wei Zhang, Bowen Zhou, Kazi Hasan, Mo Yu, Bing Xiang",93.0,0,male,61,72,1,6,9,0.65,End-to-End Answer Chunk Extraction and Ranking for Reading Comprehension
89,0,89,0,"Tianxiang Gao, Vladimir Jojic",1.0,0,male,29,50,1,2,7,1.0,Sample Importance in Training Deep Neural Networks
90,0,90,0,"Serena Yeung, Anitha Kannan, Yann Dauphin, Li Fei-Fei",455.0,1,female,53,33,0,4,3,0.99,Epitomic Variational Autoencoders
91,1,91,0,"N. Siddharth, Brooks Paige, Alban Desmaison, Jan-Willem van de Meent, Frank Wood, Noah D. Goodman, Pushmeet Kohli, Philip H.S. Torr",0.0,0,None,131,63,0,8,7,0.0,Learning Disentangled Representations in Deep Generative Models
92,0,92,0,Antonio Valerio Miceli Barone,2290.0,0,male,29,36,1,1,4,1.0,Low-rank passthrough neural networks
93,0,93,0,"Rahul G. Krishnan, Matthew Hoffman",397.0,0,male,34,68,1,2,10,1.0,Inference and Introspection in Deep Generative Models of Sparse Data
94,1,94,0,"Yelong Shen*, Po-Sen Huang*, Ming-Wei Chang, Jianfeng Gao",0.0,0,None,57,83,0,4,9,0.0,Implicit ReasoNet: Modeling Large-Scale Structured Relationships with Shared Memory
95,0,95,0,"Irwan Bello*, Hieu Pham*, Quoc V. Le, Mohammad Norouzi, Samy Bengio",46.0,0,male,67,61,1,5,6,1.0,Neural Combinatorial Optimization with Reinforcement Learning
96,0,96,0,"Ronan Collobert, Christian Puhrsch, Gabriel Synnaeve",52.0,0,male,52,65,1,3,7,1.0,Wav2Letter: an End-to-End ConvNet-based Speech Recognition System
97,1,97,0,"Zhengping Che, Sanjay Purushotham, Kyunghyun Cho, David Sontag, Yan Liu",0.0,0,None,71,74,0,5,10,0.0,Recurrent Neural Networks for Multivariate Time Series with Missing Values
98,1,98,0,"Mingbo Ma, Liang Huang, Bing Xiang, Bowen Zhou",0.0,0,None,46,71,0,4,10,0.0,Group Sparse CNNs for Question Sentence Classification with Answer Sets
99,0,99,0,"Adam Trischler, Tong Wang, Xingdi Yuan, Justin Harris, Alessandro Sordoni, Philip Bachman, Kaheer Suleman",3957.0,0,male,105,39,1,7,5,1.0,NEWSQA: A MACHINE COMPREHENSION DATASET
100,0,100,0,"Bhuwan Dhingra, Hanxiao Liu, Zhilin Yang, William W. Cohen, Ruslan Salakhutdinov",9.0,0,male,80,46,1,5,5,1.0,Gated-Attention Readers for Text Comprehension
101,0,101,0,"Chang Liu, Xin Wang, Richard Shin, Joseph E. Gonzalez, Dawn Song",101.0,0,male,64,22,1,5,3,0.63,Neural Code Completion
102,0,102,0,"Peter Potash, Alexey Romanov, Anna Rumshisky",4373.0,0,male,44,59,1,3,8,1.0,Here's My Point: Argumentation Mining with Pointer Networks
103,0,103,0,"Richard Shin, Alexander A. Alemi, Geoffrey Irving, Oriol Vinyals",4381.0,0,male,64,39,1,4,3,1.0,Tree-Structured Variational Autoencoder
104,0,104,0,"Zenna Tavares, Armando Solar-Lezama",2.0,1,female,35,59,0,2,5,1.0,Learning Approximate Distribution-Sensitive Data Structures
105,0,105,0,"Rasool Fakoor, Abdel-rahman Mohamed, Margaret Mitchell, Sing Bing Kang, Pushmeet Kohli",1.0,0,male,86,47,1,5,5,1.0,Memory-augmented Attention Modelling for Videos
106,0,106,0,"Giambattista Parascandolo, Heikki Huttunen, Tuomas Virtanen",5.0,0,male,59,69,1,3,11,1.0,Taming the waves: sine as activation function in deep neural networks
107,0,107,0,"Yotam Hechtlinger, Purvasha Chakravarti, Jining Qin",15.0,0,male,51,79,1,3,9,1.0,Convolutional Neural Networks Generalization Utilizing the Data Graph Structure
108,1,108,0,"Xinyun Chen, Bo Li, Yevgeniy Vorobeychik",0.0,0,None,40,84,0,3,11,0.0,Evaluation of Defensive Methods for DNNs against Multiple Adversarial Evasion Models
109,1,109,0,"Yilei Xiong, Dahua Lin, Haoying Niu, JIefeng Cheng, Zhenguo Li",0.0,0,None,62,46,0,5,6,0.0,Collaborative Deep Embedding via Dual Networks
110,0,110,0,"Joost van Amersfoort, Anitha Kannan, Marc'Aurelio Ranzato, Arthur Szlam, Du Tran, Soumith Chintala",28.0,0,male,98,46,1,6,5,1.0,Transformation-based Models of Video Sequences
111,0,111,0,"Mohammad Taha Bahadori, Krzysztof Chalupka, Edward Choi, Robert Chen, Walter F. Stewart, Jimeng Sun",919.0,0,male,99,76,1,6,9,1.0,Neural Causal Regularization under the Independence of Mechanisms Assumption
112,1,112,0,"Hanjun Dai*, Yichen Wang*, Rakshit Trivedi, Le Song",0.0,0,None,51,71,0,4,7,0.0,Recurrent Coevolutionary Feature Embedding Processes for Recommendation
113,0,113,0,"Vivek Ramamurthy, Nigel Duffy",214.0,0,male,29,59,1,2,9,1.0,L-SR1: A Second Order Optimization Method for Deep Learning
114,1,114,0,"Hsiao-Yu Fish Tung, Katerina Fragkiadaki",0.0,0,None,40,72,0,2,9,0.0,Inverse Problems in Computer Vision using Adversarial Imagination Priors
115,0,115,0,"Jeff Daily, Abhinav Vishnu, Charles Siegel",2925.0,0,male,42,72,1,3,9,1.0,Leveraging Asynchronicity in Gradient Descent for Scalable Deep Learning
116,1,116,0,"Jörn-Henrik Jacobsen, Bert De Brabandere, Arnold W.M. Smeulders",0.0,0,None,63,32,0,3,4,0.0,Dynamic Steerable Frame Networks
117,0,117,0,"Arvind Neelakantan, Luke Vilnis, Quoc V. Le, Lukasz Kaiser, Karol Kurach, Ilya Sutskever, James Martens",73.0,0,male,103,62,1,7,9,1.0,Adding Gradient Noise Improves Learning for Very Deep Networks
118,1,118,0,"Chao-Yuan Wu, Amr Ahmed, Alex Beutel, Alexander J. Smola",0.0,0,None,56,73,0,4,10,0.0,Joint Training of Ratings and Reviews with Recurrent Recommender Networks
119,1,119,0,"Cheng-Zhi Anna Huang, Tim Cooijmans, Adam Roberts, Aaron Courville, Douglas Eck",0.0,0,None,79,27,0,5,3,0.0,Counterpoint by Convolution
120,0,120,0,"Etai Littwin, Lior Wolf",1.0,0,male,23,84,1,2,13,1.0,The loss surface of residual networks: Ensembles and the role of batch normalization
121,0,121,0,"Levent Sagun, Leon Bottou, Yann LeCun",213.0,0,male,37,67,1,3,10,1.0,Eigenvalues of the Hessian in Deep Learning: Singularity and Beyond
122,0,122,0,"Grzegorz Swirszcz, Wojciech Marian Czarnecki, Razvan Pascanu",56.0,0,male,60,41,1,3,7,0.98,Local minima in training of deep networks
123,1,123,0,"Junhyuk Oh, Satinder Singh, Honglak Lee, Pushmeet Kohli",0.0,0,None,55,88,0,4,9,0.0,Communicating Hierarchical Neural Controllers for Learning Zero-shot Task Generalization
124,0,124,0,"Stefan Carlsson, Hossein Azizpour, Ali Razavian",917.0,0,male,47,44,1,3,6,1.0,The Preimage of Rectifier Network Activities
125,0,125,0,"Joji Toyama, Masanori Misono, Masahiro Suzuki, Kotaro Nakayama, Yutaka Matsuo",7.0,0,male,77,65,1,5,10,0.71,Neural Machine Translation with Latent Semantic of Image and Text
126,0,126,0,"Abram L. Friesen, Pedro Domingos",33.0,0,male,32,55,1,2,6,0.97,Submodular Sum-product Networks for Scene Understanding
127,0,127,0,Ron Dekel,1014.0,0,male,9,35,1,1,5,0.98,Human perception in computer vision
128,0,128,0,"Wenyuan Zeng, Wenjie Luo, Sanja Fidler, Raquel Urtasun",1.0,0,male,54,58,1,4,7,1.0,Efficient Summarization with Read-Again and Copy Mechanism
129,1,129,0,"Weidi Xie, Alison Noble, Andrew Zisserman",0.0,0,None,41,31,0,3,4,0.0,Layer Recurrent Neural Networks
130,0,130,0,"Liwen Zhang, John Winn, Ryota Tomioka",2.0,1,female,37,95,0,3,13,0.5,Gaussian Attention Model and Its Application to Knowledge Base Embedding and Question Answering
131,1,131,0,"Jianwen Xie, Yang Lu, Ruiqi Gao, Song-Chun Zhu, Ying Nian Wu",0.0,0,None,60,57,0,5,7,0.0,Cooperative Training of Descriptor and Generator Networks
132,0,132,0,"Andras Rozsa, Manuel Gunther, Terrance E. Boult",14.0,0,male,47,38,1,3,6,0.86,Exploring LOTS in Deep Neural Networks
133,0,133,0,"Joao F. Henriques, Andrea Vedaldi",283.0,0,male,33,68,1,2,7,1.0,Warped Convolutions: Efficient Invariance to Spatial Transformations
134,0,134,0,"Dan Hendrycks, Kevin Gimpel",3240.0,0,male,27,79,1,2,10,0.98,Adjusting for Dropout Variance in Batch Normalization and Weight Initialization
135,0,135,0,"Stefano Teso, Andrea Passerini",732.0,0,male,30,28,1,2,5,1.0,Rule Mining in Feature Space
136,0,136,0,"Soravit Changpinyo, Mark Sandler, Andrey Zhmoginov",1.0,0,male,50,54,1,3,8,1.0,The Power of Sparsity in Convolutional Neural Networks
137,0,137,0,"Mickaël Chen, Ludovic Denoyer",3.0,0,male,29,42,1,2,4,1.0,Multi-view Generative Adversarial Networks
138,0,138,0,"Shyam Upadhyay, Kai-Wei Chang, James Zou, Matt Taddy, Adam Kalai",61.0,0,male,64,72,1,5,8,1.0,Beyond Bilingual: Multi-sense Word Embeddings using Multilingual Context
139,0,139,0,"Qiang Liu, Yihao Feng",7.0,0,male,21,42,1,2,6,1.0,Two Methods for Wild Variational Inference
140,0,140,0,"Parker Hill, Babak Zamirai, Shengshuo Lu, Yu-Wei Chao, Michael Laurenzano, Mehrzad Samadi, Marios Papaefthymiou, Scott Mahlke, Thomas Wenisch, Jia Deng, Lingjia Tang, Jason Mars",65.0,0,male,177,61,1,12,7,0.97,Rethinking Numerical Representations for Deep Neural Networks
141,0,141,0,"Sahil Garg, Irina Rish, Guillermo Cecchi, Aurelie Lozano",62.0,0,male,56,84,1,4,10,1.0,NEUROGENESIS-INSPIRED DICTIONARY LEARNING: ONLINE MODEL ADAPTION IN A CHANGING WORLD
142,0,142,0,"Ashwin K Vijayakumar, Michael Cogswell, Ramprasaath R. Selvaraju, Qing Sun, Stefan Lee, David Crandall, Dhruv Batra",142.0,0,male,115,75,1,7,10,1.0,Diverse Beam Search: Decoding Diverse Solutions from Neural Sequence Models
143,0,143,0,"Adrian Benton, Huda Khayrallah, Biman Gujral, Drew Reisinger, Sheng Zhang, Raman Arora",1515.0,0,male,86,47,1,6,5,0.97,Deep Generalized Canonical Correlation Analysis
144,1,144,0,"Huayu Li, Martin Renqiang Min, Yong Ge, Asim Kadav",0.0,0,None,50,68,0,4,8,0.0,A Context-aware Attention Network for Interactive Question Answering
145,0,145,0,"Patrick Putzky, Max Welling",2877.0,0,male,27,57,1,2,7,1.0,Recurrent Inference Machines for Solving Inverse Problems
146,0,146,0,"Emily Denton, Sam Gross, Rob Fergus",3765.0,1,female,35,81,0,3,7,1.0,Semi-Supervised Learning with Context-Conditional Generative Adversarial Networks
147,1,147,0,"Bofang Li, Tao Liu, Zhe Zhao, Buzhou Tang, Xiaoyong Du",0.0,0,None,54,86,0,5,10,0.0,Investigating Different Context Types and Representations for Learning Word Embeddings
148,0,148,0,"David Silver, Hado van Hasselt, Matteo Hessel, Tom Schaul, Arthur Guez, Tim Harley, Gabriel Dulac-Arnold, David Reichert, Neil Rabinowitz, Andre Barreto, Thomas Degris",12593.0,0,male,167,48,1,11,6,1.0,The Predictron: End-To-End Learning and Planning
149,0,149,0,"Dan Hendrycks, Kevin Gimpel",3240.0,0,male,27,84,1,2,10,0.98,Bridging Nonlinearities and Stochastic Regularizers with Gaussian Error Linear Units
150,1,150,0,"Farkhondeh Kiaee, Christian Gagné, and Mahdieh Abbasi",0.0,0,None,53,84,0,3,10,0.0,Alternating Direction Method of Multipliers for Sparse Convolutional Neural Networks
151,0,151,0,"Onkar Bhardwaj, Guojing Cong",22.0,0,male,28,88,1,2,11,1.0,Inefficiency of stochastic gradient descent with larger mini-batches (and more learners)
152,0,152,0,"Anirudh Goyal, Nan Rosemary Ke, Alex Lamb, Yoshua Bengio",14.0,0,male,56,34,1,4,4,1.0,The Variational Walkback Algorithm
153,0,153,0,Arash Shahriari,57.0,0,male,15,100,1,1,12,1.0,Distributed Transfer Learning for Deep Convolutional Neural Networks by Basic Probability Assignment
154,0,154,0,Edouard Oyallon,60.0,0,male,15,40,1,1,6,0.97,A hybrid network: Scattering and Convnet
155,0,155,0,"Armand Joulin, Edouard Grave, Piotr Bojanowski, Matthijs Douze, Herve Jegou, Tomas Mikolov",55.0,0,male,90,52,1,6,5,1.0,FastText.zip: Compressing text classification models
156,0,156,0,"Antonio Vergari, Robert Peharz, Nicola Di Mauro, Floriana Esposito",2290.0,0,male,66,72,1,4,9,1.0,Encoding and Decoding Representations with Sum- and Max-Product Networks
157,0,157,0,"Roee Aharoni, Yoav Goldberg",6.0,0,male,27,63,1,2,8,1.0,Sequence to Sequence Transduction with Hard Monotonic Attention
158,0,158,0,"Jayanth Koushik, Hiroaki Hayashi",8.0,0,male,32,51,1,2,6,1.0,Improving Stochastic Gradient Descent with Feedback
159,0,159,0,"Thang D. Bui, Sujith Ravi, Vivek Ramavajjala",20.0,0,male,44,60,1,3,8,1.0,Neural Graph Machines: Learning Neural Networks Using Graphs
160,0,160,0,"Caglar Gulcehre, Sarath Chandar, Kyunghyun Cho, Yoshua Bengio",1.0,0,male,61,77,1,4,10,1.0,Dynamic Neural Turing Machine with Continuous and Discrete Addressing Schemes
161,0,161,0,"Tom Zahavy, Alessandro Magnani, Abhinandan Krishnan, Shie Mannor",3736.0,0,male,64,116,1,4,17,1.0,Is a picture worth a thousand words? A Deep Multi-Modal Fusion Architecture for Product Classification in e-commerce
162,0,162,0,"Denis Volkhonskiy, Boris Borisenko, Evgeny Burnaev",577.0,0,male,50,55,1,3,6,0.93,Generative Adversarial Networks for Image Steganography
163,0,163,0,"Tri Nguyen, Mir Rosenberg, Xia Song, Jianfeng Gao, Saurabh Tiwary, Rangan Majumder, Li Deng",109.0,0,male,91,65,1,7,8,0.61,MS MARCO: A Human-Generated MAchine Reading COmprehension Dataset
164,1,164,0,"Haoqi Fan, Yu Zhang, Kris M. Kitani",0.0,0,None,35,70,0,3,10,0.0,OMG: Orthogonal Method of Grouping With Application of K-Shot Learning
165,0,165,0,"Edward Choi, Mohammad Taha Bahadori, Le Song, Walter F. Stewart, Jimeng Sun",1015.0,0,male,75,72,1,5,8,1.0,GRAM: Graph-based Attention Model for Healthcare Representation Learning
166,0,166,0,"Gabriel Pereyra, George Tucker, Jan Chorowski, Lukasz Kaiser, Geoffrey Hinton",1674.0,0,male,77,73,1,5,8,0.99,Regularizing Neural Networks by Penalizing Confident Output Distributions
167,0,167,0,"Aurelia Léon, Ludovic Denoyer",35.0,1,female,29,54,0,2,6,1.0,Options Discovery with Budgeted Reinforcement Learning
168,0,168,0,"Antonin Raffin, Sebastian Höfer, Rico Jonschkowski, Oliver Brock, Freek Stulp",43.0,0,male,77,65,1,5,8,1.0,Unsupervised Learning of State Representations for Multiple Tasks
169,1,169,0,"Lingpeng Kong, Chris Alberti, Daniel Andor, Ivan Bogatyy, David Weiss",0.0,0,None,69,78,0,5,9,0.0,DRAGNN: A Transition-Based Framework for Dynamically Connected Neural Networks
170,0,170,0,"Masahiro Suzuki, Kotaro Nakayama, Yutaka Matsuo",16.0,0,male,47,53,1,3,7,1.0,Joint Multimodal Learning with Deep Generative Models
171,0,171,0,"Sarath Chandar, Sungjin Ahn, Hugo Larochelle, Pascal Vincent, Gerald Tesauro, Yoshua Bengio",30.0,0,male,91,28,1,6,3,0.97,Hierarchical Memory Networks
172,0,172,0,"Anna C. Gilbert, Yi Zhang, Kibok Lee, Yuting Zhang, Honglak Lee",4755.0,1,female,63,72,0,5,8,1.0,Towards Understanding the Invertibility of Convolutional Neural Networks
173,0,173,0,Edwin D. de Jong,819.0,0,male,16,29,1,1,3,1.0,Incremental Sequence Learning
174,0,174,0,"Ting Yao, Yingwei Pan, Yehao Li, Zhaofan Qiu, Tao Mei",77.0,1,female,53,41,0,5,5,0.75,Boosting Image Captioning with Attributes
175,0,175,0,"John Boaz Lee, Xiangnan Kong",9931.0,0,male,28,67,1,2,8,0.99,Skip-graph: Learning graph embeddings with an encoder-decoder model
176,0,176,0,"Rudolf Kadlec, Ondřej Bajgar, Peter Hrincar, Jan Kleindienst",63.0,0,male,60,97,1,4,11,0.97,Finding a Jack-of-All-Trades: An Examination of Semi-supervised Learning in Reading Comprehension
177,0,177,0,"Sanjay Ganapathy, Swagath Venkataramani, Balaraman Ravindran, Anand Raghunathan",212.0,0,male,79,54,1,4,7,1.0,DyVEDeep: Dynamic Variable Effort Deep Neural Networks
178,1,178,0,"Shenjian Zhao, Zhihua Zhang",0.0,0,None,27,70,0,2,8,0.0,Deep Character-Level Neural Machine Translation By Learning Morphology
179,0,179,0,"Randall Balestriero, Herve Glotin",176.0,0,male,33,92,1,2,12,0.99,Linear Time Complexity Deep Fourier Scattering Network and Extension to Nonlinear Invariants
180,1,180,0,"Chun-Liang Li, Siamak Ravanbakhsh, Barnabas Poczos",0.0,0,None,50,72,0,3,11,0.0,Annealing Gaussian into ReLU: a New Sampling Strategy for Leaky-ReLU RBM
181,0,181,0,"Alan Mosca, George D. Magoulas",2079.0,0,male,30,25,1,2,3,1.0,Boosted Residual Networks
182,0,182,0,Asier Mujika,23.0,0,male,12,64,1,1,8,0.91,Multi-task learning with deep model based reinforcement learning
183,0,183,0,"Matthieu Labeau, Alexandre Allauzen",261.0,0,male,35,90,1,2,11,1.0,Opening the vocabulary of neural language models with character-level word representations
184,0,184,0,"Lei Shi, Shikun Feng, Zhifan Zhu",54.0,1,female,32,74,0,3,9,0.56,HFH: Homologically Functional Hashing for Compressing Deep Neural Networks
185,0,185,0,"Nikolas Wolfe, Aditya Sharma, Lukas Drude, Bhiksha Raj",74.0,0,male,54,113,1,4,15,1.0,The Incredible Shrinking Neural Network: New Perspectives on Learning Representations Through The Lens of Pruning
186,0,186,0,Nicolas Le Roux,1953.0,0,male,15,39,1,1,4,1.0,Efficient iterative policy optimization
187,0,187,0,"Or Sharir, Ronen Tamari, Nadav Cohen, Amnon Shashua",84.0,1,female,51,24,0,4,3,0.58,Tensorial Mixture Models
188,0,188,0,"Alfredo Canziani, Adam Paszke, Eugenio Culurciello",687.0,0,male,50,68,1,3,10,1.0,An Analysis of Deep Neural Network Models for Practical Applications
189,0,189,0,"Nadav Bhonker, Shai Rozenberg, Itay Hubara",29.0,0,male,42,46,1,3,7,1.0,Playing SNES in the Retro Learning Environment
190,0,190,0,"Zhigang Yuan, Yuting Hu, Yongfeng Huang",2.0,0,male,39,103,1,3,12,1.0,Learning to Understand: Incorporating Local Contexts with Global Attention for Sentiment Classification
191,0,191,0,"Sergey Bartunov, Dmitry P. Vetrov",117.0,0,male,33,70,1,2,9,0.99,Fast Adaptation in Generative Models with Generative Matching Networks
192,0,192,0,"Yannis M. Assael, Brendan Shillingford, Shimon Whiteson, Nando de Freitas",43.0,0,male,73,44,1,4,4,0.86,LipNet: End-to-End Sentence-level Lipreading
193,0,193,0,"Mohammad Babaeizadeh, Paris Smaragdis, Roy H. Campbell",919.0,0,male,54,70,1,3,12,1.0,A Simple yet Effective Method to Prune Dense Layers of Neural Networks
194,0,194,0,"Hai Wang, Takeshi Onishi, Kevin Gimpel, David McAllester",45.0,0,male,56,74,1,4,9,0.84,Emergent Predication Structure in Vector Representations of Neural Readers
195,0,195,0,"Alexander Fonarev, Alexey Grinchuk, Gleb Gusev, Pavel Serdyukov, Ivan Oseledets",1645.0,0,male,79,55,1,5,6,1.0,Riemannian Optimization for Skip-Gram Negative Sampling
196,0,196,0,"Yan Duan, John Schulman, Xi Chen, Peter L. Bartlett, Ilya Sutskever, Pieter Abbeel",203.0,0,male,82,65,1,6,8,0.51,RL^2: Fast Reinforcement Learning via Slow Reinforcement Learning
197,0,197,0,"Guoqiang Zhong, Yuchen Zheng, Peng Zhang, Mengqi Li, Junyu Dong",3.0,0,male,63,34,1,5,4,1.0,Deep Error-Correcting Output Codes
198,0,198,0,"Yuchen Zheng, Guoqiang Zhong, Junyu Dong",6.0,1,female,40,82,0,3,11,1.0,Marginal Deep Architectures: Deep learning for Small and Middle Scale Applications
199,0,199,0,"Aryk Anderson, Kyle Shaffer, Artem Yankov, Court Corley, Nathan Hodas",1.0,1,female,69,64,0,5,11,1.0,Beyond Fine Tuning: A Modular Approach to Learning on Small Data
200,0,200,0,"Ramesh Nallapati, Bowen Zhou and Mingbo Ma",146.0,0,male,42,78,1,2,9,1.0,Classify or Select: Neural Architectures for Extractive Document Summarization
201,0,201,0,"Alberto Delmás Lascorz, Sayeh Sharify, Patrick Judd, Andreas Moshovos",1530.0,0,male,69,133,1,4,15,1.0,Tartan: Accelerating Fully-Connected and Convolutional Layers in Deep Learning Networks by Exploiting Numerical Precision Variability
202,0,202,0,"Megan Leszczynski, Jose Moreira",2639.0,1,female,31,40,0,2,6,1.0,Machine Solver for Physics Word Problems
203,0,203,0,"David Harwath, James R. Glass",12593.0,0,male,29,58,1,2,7,1.0,Learning Word-Like Units from Joint Audio-Visual Analylsis
204,0,204,0,"Iulian V. Serban, Alexander G. Ororbia II, Joelle Pineau, Aaron Courville",15.0,0,male,73,40,1,4,3,1.0,Multi-modal Variational Encoder-Decoders
205,0,205,0,"Zichao Yang, Phil Blunsom, Chris Dyer, Wang Ling",1.0,0,male,48,31,1,4,3,1.0,Reference-Aware Language Models
206,0,206,0,"Nina Narodytska, Shiva Kasiviswanathan",1434.0,1,female,38,60,0,2,7,0.99,Simple Black-Box Adversarial Perturbations for Deep Networks
207,1,207,0,"Prajit Ramachandran, Peter J. Liu, Quoc V. Le",0.0,0,None,45,58,0,3,7,0.0,Unsupervised Pretraining for Sequence to Sequence Learning
208,0,208,0,"Vincent Roger, Marius Bartcus, Faicel Chamroukhi, Hervé Glotin",1424.0,0,male,62,78,1,4,9,1.0,BIOACOUSTIC SEGMENTATION BY HIERARCHICAL DIRICHLET PROCESS HIDDEN MARKOV MODEL
209,0,209,0,"Kenton Lee, Tom Kwiatkowksi, Ankur Parikh, Dipanjan Das",18.0,0,male,55,73,1,4,8,1.0,Learning Recurrent Span Representations for Extractive Question Answering
210,0,210,0,"Rui Luo, Xiaojun Xu, Weinan Zhang, Jun Wang",149.0,0,male,43,36,1,4,5,0.86,A Neural Stochastic Volatility Model
211,0,211,0,"Ludovic Trottier, Philippe Giguère, Brahim Chaib-draa",187.0,0,male,53,73,1,3,9,1.0,Parametric Exponential Linear Unit for Deep Convolutional Neural Networks
212,0,212,0,"Timothee LESORT, David FILLIAT",23.0,0,male,30,71,1,2,9,0.96,Unsupervised Deep Learning of State Representation Using Robotic Priors
213,0,213,0,"Sajid Anwar, Wonyong Sung",45.0,0,male,25,65,1,2,9,1.0,Coarse Pruning of Convolutional Neural Networks with Random Masks
214,0,214,0,"Adam Paszke, Abhishek Chaurasia, Sangpil Kim, Eugenio Culurciello",3957.0,0,male,65,76,1,4,10,1.0,ENet: A Deep Neural Network Architecture for Real-Time Semantic Segmentation
215,0,215,0,"Ivet Rafegas, Maria Vanrell, Luís A. Alexandre",10.0,1,female,46,57,0,3,7,1.0,Understanding trained CNNs by indexing neuron selectivity
216,0,216,0,"Hiroki Kurotaki, Kotaro Nakayama, Yutaka Matsuo",19.0,0,male,47,40,1,3,6,1.0,Multiagent System for Layer Free Network
217,0,217,0,"Federico Raue, Sebastian Palacio, Andreas Dengel, Marcus Liwicki",686.0,0,male,64,43,1,4,5,1.0,Classless Association using Neural Networks
218,0,218,0,"Ying Wen, Jun Wang, Tianyao Chen, Weinan Zhang",78.0,1,female,46,76,0,4,8,0.9,Cat2Vec: Learning Distributed Representation of Multi-field Categorical Data
219,0,219,0,"Dimitrios C. Gklezakos, Rajesh P. N. Rao",27.0,0,male,40,30,1,2,3,1.0,Transformational Sparse Coding
220,1,220,0,"Théodore Bluche, Christopher Kermorvant, Claude Touzet, Hervé Glotin",0.0,0,None,68,77,0,4,7,0.0,Cortical-Inspired Open-Bigram Representation for Handwritten Word Recognition
221,0,221,0,"Patrick McClure, Nikolaus Kriegeskorte",2877.0,0,male,38,77,1,2,9,1.0,Representing inferential uncertainty in deep neural networks through sampling
222,0,222,0,"Kimin Lee, Jaehyung Kim, Song Chong, Jinwoo Shin",1.0,1,female,48,57,0,4,7,1.0,Making Stochastic Neural Networks from Deterministic Ones
223,0,223,0,"Alessandro Achille, Stefano Soatto",1025.0,0,male,34,67,1,2,7,1.0,Information Dropout: learning optimal representations through noise
224,1,224,0,"Yelong Shen, Po-Sen Huang, Jianfeng Gao, Weizhu Chen",0.0,0,None,52,59,0,4,8,0.0,ReasoNet: Learning to Stop Reading in Machine Comprehension
225,0,225,0,"Nir Baram, Tom Zahavy, Shie Mannor",103.0,0,male,34,78,1,3,8,0.99,Spatio-Temporal Abstractions in Reinforcement Learning Through Neural Encoding
226,1,226,0,"Shengdong Zhang, Soheil Bahrampour, Naveen Ramakrishnan, Mohak Shah",0.0,0,None,67,82,0,4,8,0.0,Deep Symbolic Representation Learning for Heterogeneous Time-series Classification
227,0,227,0,"Shayne Longpre, Sabeek Pradhan, Caiming Xiong, Richard Socher",68.0,0,male,61,75,1,4,13,0.78,A Way out of the Odyssey: Analyzing and Combining Recent Insights for LSTMs
228,0,228,0,"Karol Grzegorczyk, Marcin Kurdziel",139.0,1,female,34,24,0,2,3,0.7,Binary Paragraph Vectors
229,1,229,0,"Ruqing Zhang, Jiafeng Guo, Yanyan Lan, Jun Xu, Xueqi Cheng",0.0,0,None,58,27,0,5,3,0.0,Generative Paragraph Vector
230,1,230,0,"Gyuwan Kim, Hayoon Yi, Jangho Lee, Yunheung Paek, Sungroh Yoon",0.0,0,None,62,95,0,5,11,0.0,LSTM-Based System-Call Language Modeling and Ensemble Method for Host-Based Intrusion Detection
231,1,231,0,"Weiran Wang, Xinchen Yan, Honglak Lee, Karen Livescu",0.0,0,None,52,47,0,4,5,0.0,Deep Variational Canonical Correlation Analysis
232,0,232,0,"Ravi Garg, Anders Eriksson, Ian Reid",356.0,0,male,36,66,1,3,7,0.98,Non-linear Dimensionality Regularizer for Solving Inverse Problems
233,1,233,0,"Yanghao Li, Naiyan Wang, Jianping Shi, Jiaying Liu, Xiaodi Hou",0.0,0,None,62,62,0,5,7,0.0,Revisiting Batch Normalization For Practical Domain Adaptation
234,0,234,0,"Forrest N. Iandola, Song Han, Matthew W. Moskewicz, Khalid Ashraf, William J. Dally, Kurt Keutzer",54.0,0,male,97,82,1,6,11,0.98,SqueezeNet: AlexNet-level accuracy with 50x fewer parameters and <0.5MB model size
235,1,235,0,"Maohua Zhu, Minsoo Rhu, Jason Clemons, Stephen W. Keckler, Yuan Xie",0.0,0,None,67,75,0,5,9,0.0,Training Long Short-Term Memory With Sparsified Stochastic Gradient Descent
236,0,236,0,"Andrew Nystrom, John Hughes",5168.0,0,male,27,63,1,2,8,1.0,Efficient Calculation of Polynomial Features on Sparse Matrices
237,0,237,0,"Miguel A. Carreira-Perpinan, Mehdi Alizadeh",2065.0,0,male,43,93,1,2,11,1.0,"ParMAC: distributed optimisation of nested functions, with application to binary autoencoders"
238,0,238,0,"Hao Zhao, Ming Lu, Anbang Yao, Yurong Chen, Li Zhang",27.0,0,male,52,78,1,5,12,0.93,Chess Game Concepts Emerge under Weak Supervision: A Case Study of Tic-tac-toe
239,1,239,0,"Maithra Raghu, Ben Poole, Jon Kleinberg, Surya Ganguli, Jascha Sohl-Dickstein",0.0,0,None,77,47,0,5,8,0.0,On the Expressive Power of Deep Neural Networks
240,0,240,0,"Levent Sagun, Thomas Trogdon, Yann LeCun",213.0,0,male,40,28,1,3,4,1.0,Universality in halting time
241,0,241,0,"Pedro H. P. Savarese, Leonardo O. Mazza, Daniel R. Figueiredo",1631.0,0,male,61,46,1,3,6,0.99,Learning Identity Mappings with Residual Gates
242,0,242,0,"Saeed Maleki, Madanlal Musuvathi, Todd Mytkowicz, Yufei Ding",106.0,0,male,60,57,1,4,7,1.0,Parallel Stochastic Gradient Descent with Sound Combiners
243,0,243,0,"Alex Nowak, Joan Bruna",5856.0,0,male,22,39,1,2,6,0.87,Divide and Conquer with Neural Networks
244,0,244,0,"Mukund Sundararajan, Ankur Taly, Qiqi Yan",14.0,0,male,41,28,1,3,3,1.0,Gradients of Counterfactuals
245,0,245,0,"Jonas Gehring, Michael Auli, David Grangier, Yann N. Dauphin",628.0,0,male,60,60,1,4,8,1.0,A Convolutional Encoder Model for Neural Machine Translation
246,0,246,0,"Leslie N. Smith, Nicholay Topin",1173.0,1,female,31,49,0,2,6,0.88,Deep Convolutional Neural Network Design Patterns
247,1,247,0,"Zhuoyuan Chen, Han Zhao, Xiao Liu, Wei Xu",0.0,0,None,41,59,0,4,8,0.0,An Analysis of Feature Regularization for Low-shot Learning
248,0,248,0,"Zachary C. Lipton, Jianfeng Gao, Lihong Li, Jianshu Chen, Li Deng",426.0,0,male,65,75,1,5,9,1.0,Combating Deep Reinforcement Learning's Sisyphean Curse with Intrinsic Fear
249,0,249,0,"Nat Dilokthanakul, Pedro A. M. Mediano, Marta Garnelo, Matthew C.H. Lee, Hugh Salimbeni, Kai Arulkumaran, Murray Shanahan",213.0,1,female,121,75,0,7,8,0.83,Deep Unsupervised Clustering with Gaussian Mixture Variational Autoencoders
250,0,250,0,Tristan Cazenave,331.0,0,male,16,38,1,1,5,0.95,Improved Architectures for Computer Go
251,1,251,0,"Avishkar Bhoopchand, Tim Rocktäschel, Earl Barr, Sebastian Riedel",0.0,0,None,65,61,0,4,9,0.0,Learning Python Code Suggestion with a Sparse Pointer Network
252,1,252,0,"Sihan Li, Jiantao Jiao, Yanjun Han, Tsachy Weissman",0.0,0,None,51,19,0,4,2,0.0,Demystifying ResNet
253,0,253,0,"Franziska Horn, Klaus-Robert Müller",126.0,1,female,35,90,0,2,10,1.0,Learning similarity preserving representations with neural similarity and context encoders
254,1,254,0,"Lajanugen Logeswaran, Honglak Lee, Dragomir Radev",0.0,0,None,49,49,0,3,6,0.0,Sentence Ordering using Recurrent Neural Networks
255,0,255,0,"Sebastian Ruder, Parsa Ghaffari, John G. Breslin",1459.0,0,male,48,39,1,3,5,1.0,Knowledge Adaptation: Teaching to Adapt
256,0,256,0,"Jay Yoon Lee, Michael L. Wick, Jean-Baptiste Tristan",1882.0,0,male,52,61,1,3,7,0.9,Enforcing constraints on outputs with unconstrained inference
257,0,257,0,"Miguel Lazaro-Gredilla, Yi Liu, D. Scott Phoenix, Dileep George",2065.0,0,male,63,43,1,4,4,1.0,Hierarchical compositional feature learning
258,1,258,0,"Manzil Zaheer, Jean-Baptiste Tristan, Michael L. Wick, Guy L. Steele Jr.",0.0,0,None,72,58,0,4,11,0.0,Learning a Static Analyzer: A Case Study on a Toy Language
259,0,259,0,"Farahnaz A. Wick, Michael L. Wick, Marc Pomplun",1.0,1,female,47,65,0,3,10,1.0,Filling in the details: Perceiving from low fidelity visual input
260,0,260,0,"Ludovic Dos Santos, Ali Ziat, Ludovic Denoyer, Benjamin Piwowarski, Patrick Gallinari",187.0,0,male,85,58,1,5,7,1.0,Modelling Relational Time Series using Gaussian Embeddings
261,0,261,0,"Joan Serrà, Alexandros Karatzoglou",1017.0,1,female,34,72,0,2,10,0.82,Compact Embedding of Binary-coded Inputs and Outputs using Bloom Filters
262,0,262,0,"Felix Leibfried, Nate Kushman, Katja Hofmann",657.0,0,male,44,83,1,3,14,1.0,A Deep Learning Approach for Joint Video Frame and Reward Prediction in Atari Games
263,1,263,0,"Zhong-Qiu Zhao, Haiman Bian, Donghui Hu, Herve Glotin",0.0,0,None,53,64,0,4,9,0.0,Pedestrian Detection Based On Fast R-CNN and Batch Normalization
264,0,264,0,"Chang Xu, Tao Qin, Gang Wang, Tie-Yan Liu",101.0,0,male,41,52,1,4,7,0.63,An Actor-critic Algorithm for Learning Rate Learning
265,0,265,0,"Yunpeng Chen, Xiaojie Jin, Jiashi Feng, Shuicheng Yan",1.0,0,male,53,69,1,4,8,1.0,Training Group Orthogonal Neural Networks with Privileged Information
266,0,266,0,"Paul Hongsuck Seo, Zhe Lin, Scott Cohen, Xiaohui Shen, Bohyung Han",5931.0,0,male,66,62,1,5,7,1.0,Progressive Attention Networks for Visual Attribute Prediction
267,0,267,0,"Sungjin Ahn, Heeyoul Choi, Tanel Parnamaa, Yoshua Bengio",6.0,0,male,56,33,1,4,5,1.0,A Neural Knowledge Language Model
268,1,268,0,"Yuanzhi Ke, Masafumi Hagiwara",0.0,0,None,29,65,0,2,9,0.0,Fuzzy paraphrases in learning word representations with a lexicon
269,1,269,0,"Jiedong Hao, Jing Dong, Wei Wang, Tieniu Tan",0.0,0,None,44,72,0,4,12,0.0,What Is the Best Practice for CNNs Applied to Visual Instance Retrieval?
270,1,270,0,"Djork-Arné Clevert, Thomas Unterthiner, Sepp Hochreiter",0.0,0,None,55,42,0,3,5,0.0,Rectified Factor Networks for Biclustering
271,0,271,0,Tom White,3736.0,0,male,9,28,1,1,3,1.0,Sampling Generative Networks
272,0,272,0,"Xue Bin Peng, Michiel van de Panne",22.0,1,female,34,80,0,2,12,0.91,Learning Locomotion Skills Using DeepRL: Does the Choice of Action Space Matter?
273,0,273,0,"Roman Novak, Michael Auli, David Grangier",449.0,0,male,41,44,1,3,5,1.0,Iterative Refinement for Machine Translation
274,1,274,0,"Hyo-Eun Kim, Sangheum Hwang, Kyunghyun Cho",0.0,0,None,42,58,0,3,7,0.0,Semantic Noise Modeling for Better Representation Learning
275,0,275,0,"Mitsuru Ambai, Takuya Matsumoto, Takayoshi Yamashita, Hironobu Fujiyoshi",2.0,0,male,72,95,1,4,13,1.0,Ternary Weight Decomposition and Binary Activation Encoding for Fast and Compact Neural Network
276,0,276,0,"Gurvan L'Hostis, David Grangier, Michael Auli",1.0,0,male,45,62,1,3,7,1.0,Vocabulary Selection Strategies for Neural Machine Translation
277,1,277,0,"Linnan Wang, Wei Wu, George Bosilca, Richard Vuduc, Zenglin Xu",0.0,0,None,62,64,0,5,8,0.0,Efficient Communications in Training Large Scale Neural Networks
278,0,278,0,"Marc Goessling, Yali Amit",1555.0,0,male,25,24,1,2,3,1.0,Dynamic Partition Models
279,0,279,0,"Marcin Andrychowicz, Karol Kurach",132.0,0,male,33,64,1,2,7,1.0,Learning Efficient Algorithms with Hierarchical Attentive Memory
280,0,280,0,"Jianmin Chen*, Xinghao Pan*, Rajat Monga, Samy Bengio, Rafal Jozefowicz",2.0,1,female,71,38,0,5,4,0.5,Revisiting Distributed Synchronous SGD
281,0,281,0,"Mohammad Ali Mehrolhassani, Majid Mohammadi",919.0,0,male,43,100,1,2,14,1.0,New Learning Approach By Genetic Algorithm In A Convolutional Neural Network For Pattern Recognition
282,0,282,0,"Masayoshi Ishikawa, Mariko Okude, Takehisa Nishida & Kazuo Muto",1.0,0,male,63,77,1,3,9,1.0,PREDICTION OF POTENTIAL HUMAN INTENTION USING SUPERVISED COMPETITIVE LEARNING
283,0,283,0,"Augustus Odena, Christopher Olah, Jonathon Shlens",9.0,0,male,49,58,1,3,7,1.0,Conditional Image Synthesis With Auxiliary Classifier GANs
284,0,284,0,"Liping Jing, MiaoMiao Cheng, Liu Yang, Alex Gittens, Michael W. Mahoney",1.0,1,female,71,45,0,5,5,1.0,Multi-label learning with semantic embeddings
285,0,285,0,"Shota Horiguchi, Daiki Ikami, Kiyoharu Aizawa",4.0,0,male,45,74,1,3,8,1.0,Significance of Softmax-Based Features over Metric Learning-Based Features
286,0,286,0,"Antonia Creswell, Kai Arulkumaran, Anil Anthony Bharath",244.0,1,female,55,66,0,3,8,0.98,Improving Sampling from Generative Autoencoders with Markov Chains
287,1,287,0,"Martín Abadi, David G. Andersen",0.0,0,None,31,71,0,2,8,0.0,Learning to Protect Communications with Adversarial Neural Cryptography
288,0,288,0,"Elad Hoffer, Itay Hubara, Nir Ailon",47.0,0,male,35,54,1,3,6,1.0,Deep unsupervised learning through spatial contrasting
289,0,289,0,Armen Aghajanyan,24.0,0,male,16,91,1,1,11,0.96,SoftTarget Regularization: An Effective Technique to Reduce Over-Fitting in Neural Networks
290,0,290,0,Kamil Rocki,130.0,0,male,11,47,1,1,5,0.99,Surprisal-Driven Feedback in Recurrent Networks
