,title,authors,len_authors,len_title,num_words,num_authors,accepted,gender,prob,count,None,female,male
0,Learning Continuous Semantic Representations of Symbolic Expressions,"Miltiadis Allamanis, Pankajan Chanthirasegaran, Pushmeet Kohli, Charles Sutton",78,68,7,4,0,male,1,1.0,0,0,1
1,Discovering objects and their relations from entangled scene representations,"David Raposo, Adam Santoro, David Barrett, Razvan Pascanu, Timothy Lillicrap, Peter Battaglia",93,76,9,6,0,male,1,12593.0,0,0,1
2,Towards an automatic Turing test: Learning to evaluate dialogue responses,"Ryan Lowe, Michael Noseworthy, Iulian V. Serban, Nicolas Angelard-Gontier, Yoshua Bengio, Joelle Pineau",103,73,10,6,0,male,0.99,4755.0,0,0,1
3,Gated Multimodal Units for Information Fusion,"John Arevalo, Thamar Solorio, Manuel Montes-y-Gómez, Fabio A. González",70,45,6,4,0,male,0.99,9931.0,0,0,1
4,Unsupervised Perceptual Rewards for Imitation Learning,"Pierre Sermanet, Kelvin Xu, Sergey Levine",41,54,6,3,0,male,0.99,852.0,0,0,1
5,A Theoretical Framework for Robustness of (Deep) Classifiers against Adversarial Samples,"Beilun Wang, Ji Gao, Yanjun Qi",30,88,11,3,0,None,0.0,0.0,1,0,0
6,Lifelong Perceptual Programming By Example,"Alexander L. Gaunt, Marc Brockschmidt, Nate Kushman, Daniel Tarlow",66,42,5,4,0,male,1,1645.0,0,0,1
7,Automated Generation of Multilingual Clusters for the Evaluation of Distributed Representations,"Philip Blair, Yuval Merhav, Joel Barry",38,95,11,3,0,male,1,1097.0,0,0,1
8,Shift Aggregate Extract Networks,"Francesco Orsini, Daniele Baracchi, Paolo Frasconi",50,32,4,3,0,male,1,1093.0,0,0,1
9,Programming With a Differentiable Forth Interpreter,"Matko Bošnjak, Tim Rocktäschel, Jason Naradowsky, Sebastian Riedel",66,51,6,4,0,male,1,3.0,0,0,1
10,Bit-Pragmatic Deep Neural Network Computing,"Jorge Albericio, Patrick Judd, Alberto Delmas, Sayeh Sharify, Andreas Moshovos",78,43,5,5,0,male,1,3183.0,0,0,1
11,Recursive Regression with Neural Networks: Approximating the HJI PDE Solution,"Vicenç Rubies Royo, Claire Tomlin",33,77,10,2,0,male,1,4.0,0,0,1
12,Nonparametrically Learning Activation Functions in Deep Neural Nets,"Carson Eisenach, Zhaoran Wang, Han Liu",38,67,8,3,0,male,0.81,83.0,0,0,1
13,Generalizable Features From Unsupervised Learning,"Mehdi Mirza, Aaron Courville, Yoshua Bengio",43,49,5,3,0,male,0.99,329.0,0,0,1
14,Deep Learning with Sets and Point Clouds,"Siamak Ravanbakhsh, Jeff Schneider, Barnabas Poczos",51,40,7,3,0,male,1,24.0,0,0,1
15,Exponential Machines,"Alexander Novikov, Mikhail Trofimov, Ivan Oseledets",51,20,2,3,0,male,1,1645.0,0,0,1
16,Song From PI: A Musically Plausible Network for Pop Music Generation,"Hang Chu, Raquel Urtasun, Sanja Fidler",38,68,11,3,0,female,0.62,37.0,0,1,0
17,Learning to Discover Sparse Graphical Models,"Eugene Belilovsky, Kyle Kastner, Gael Varoquaux, Matthew B. Blaschko",68,44,6,4,0,male,0.98,319.0,0,0,1
18,Learning to Draw Samples: With Application to Amortized MLE for Generative Adversarial Learning,"Dilin Wang, Qiang Liu",21,95,13,2,0,None,0.0,0.0,1,0,0
19,Recurrent Normalization Propagation,"César Laurent, Nicolas Ballas, Pascal Vincent",45,35,3,3,0,male,1,222.0,0,0,1
20,Generating Interpretable Images with Controllable Structure,"Scott Reed, Aäron van den Oord, Nal Kalchbrenner, Victor Bapst, Matt Botvinick, Nando de Freitas",96,59,6,6,0,male,1,3450.0,0,0,1
21,Fast Chirplet Transform to Enhance CNN Machine Listening - Validation on Animal calls and Speech,"Herve Glotin, Julien Ricard, Randall Balestriero",48,96,15,3,0,male,1,14.0,0,0,1
22,Symmetry-Breaking Convergence Analysis of Certain Two-layered Neural Networks with ReLU nonlinearity,Yuandong Tian,13,100,11,1,0,male,1,1.0,0,0,1
23,Efficient Softmax Approximation for GPUs,"Édouard Grave, Armand Joulin, Moustapha Cissé, David Grangier, Hervé Jégou",74,40,5,5,0,male,1,16.0,0,0,1
24,Dataset Augmentation in Feature Space,"Terrance DeVries, Graham W. Taylor",34,37,5,2,0,male,1,72.0,0,0,1
25,Online Structure Learning for Sum-Product Networks with Gaussian Leaves,"Wilson Hsu, Agastya Kalra, Pascal Poupart",41,71,9,3,0,male,0.99,544.0,0,0,1
26,Neural Taylor Approximations: Convergence and Exploration in Rectifier Networks,"David Balduzzi, Brian McWilliams, Tony Butler-Yeoman",52,79,9,3,0,male,1,12593.0,0,0,1
27,Multiplicative LSTM for sequence modelling,"Ben Krause, Iain Murray, Steve Renals, Liang Lu",47,42,5,4,0,male,0.99,3363.0,0,0,1
28,Neural Functional Programming,"John K. Feser, Marc Brockschmidt, Alexander L. Gaunt, Daniel Tarlow",67,29,3,4,0,male,0.99,9931.0,0,0,1
29,Tuning Recurrent Neural Networks with Reinforcement Learning,"Natasha Jaques, Shixiang Gu, Richard E. Turner, Douglas Eck",59,60,7,4,0,female,1,981.0,0,1,0
30,Perception Updating Networks: On architectural constraints for interpretable video generative models,"Eder Santana, Jose C Principe",29,100,11,2,0,male,0.98,89.0,0,0,1
31,Neural Data Filter for Bootstrapping Stochastic Gradient Descent,"Yang Fan, Fei Tian, Tao Qin, Tie-Yan Liu",40,64,8,4,0,male,0.65,93.0,0,0,1
32,Surprise-Based Intrinsic Motivation for Deep Reinforcement Learning,"Joshua Achiam, Shankar Sastry",29,67,7,2,0,male,0.99,1570.0,0,0,1
33,Learning in Implicit Generative Models,"Shakir Mohamed, Balaji Lakshminarayanan",39,38,5,2,0,male,1,15.0,0,0,1
34,Adaptive Feature Abstraction for Translating Video to Language,"Yunchen Pu, Martin Renqiang Min, Zhe Gan, Lawrence Carin",56,62,8,4,0,None,0.0,0.0,1,0,0
35,On Robust Concepts and Small Neural Nets,"Amit Deshpande, Sushrut Karmalkar",33,40,7,2,0,male,0.99,479.0,0,0,1
36,RenderGAN: Generating Realistic Labeled Data,"Leon Sixt, Benjamin Wild, Tim Landgraf",38,44,5,3,0,male,0.99,409.0,0,0,1
37,Semi-supervised deep learning by metric embedding,"Elad Hoffer, Nir Ailon",22,49,6,2,0,male,1,47.0,0,0,1
38,Modularized Morphing of Neural Networks,"Tao Wei, Changhu Wang, Chang Wen Chen",37,39,5,3,0,male,0.7,27.0,0,0,1
39,Short and Deep: Sketching and Neural Networks,"Amit Daniely, Nevena Lazic, Yoram Singer, Kunal Talwar",54,45,7,4,0,male,0.99,479.0,0,0,1
40,Modular Multitask Reinforcement Learning with Policy Sketches,"Jacob Andreas, Dan Klein, Sergey Levine",39,61,7,3,0,male,1,1309.0,0,0,1
41,Development of JavaScript-based deep learning platform and application to distributed training,"Masatoshi Hidaka, Ken Miura, Tatsuya Harada",43,94,11,3,0,male,1,1.0,0,0,1
42,A Differentiable Physics Engine for Deep Learning in Robotics,"Jonas Degrave, Michiel Hermans, Joni Dambre, Francis wyffels",60,61,9,4,0,male,1,628.0,0,0,1
43,Compositional Kernel Machines,"Robert Gens, Pedro Domingos",27,29,3,2,0,male,1,5222.0,0,0,1
44,Extrapolation and learning equations,"Georg Martius, Christoph H. Lampert",35,36,4,2,0,male,1,64.0,0,0,1
45,Adversarial examples in the physical world,"Alexey Kurakin, Ian J. Goodfellow, Samy Bengio",46,42,6,3,0,male,1,45.0,0,0,1
46,Charged Point Normalization: An Efficient Solution to the Saddle Point Problem,Armen Aghajanyan,16,78,11,1,0,male,0.96,24.0,0,0,1
47,Energy-Based Spherical Sparse Coding,"Bailey Kong, Charless C. Fowlkes",32,36,4,2,0,female,0.85,215.0,0,1,0
48,Revisiting Denoising Auto-Encoders,Luis Gonzalo Sanchez Giraldo,28,34,3,1,0,male,1,4053.0,0,0,1
49,End-to-End Learnable Histogram Filters,"Rico Jonschkowski, Oliver Brock",31,38,4,2,0,male,0.99,131.0,0,0,1
50,Rotation Plane Doubly Orthogonal Recurrent Neural Networks,"Zoe McCarthy, Andrew Bai, Xi Chen, Pieter Abbeel",48,58,7,4,0,female,1,509.0,0,1,0
51,Near-Data Processing for Machine Learning,"Hyeokjun Choe, Seil Lee, Hyunha Nam, Seongsik Park, Seijoon Kim, Eui-Young Chung, Sungroh Yoon",94,41,5,7,0,None,0.0,0.0,1,0,0
52,Investigating Recurrence and Eligibility Traces in Deep Q-Networks,"Jean Harb, Doina Precup",23,66,8,2,0,female,0.53,1523.0,0,1,0
53,Exploring the Application of Deep Learning for Supervised Learning Problems,"Jose Rozanec, Gilad Katz, Eui Chul Richard Shin, Dawn Song",58,75,10,4,0,male,0.99,3821.0,0,0,1
54,An Empirical Analysis of Deep Network Loss Surfaces,"Daniel Jiwoong Im, Michael Tao, Kristin Branson",47,51,8,3,0,male,1,8180.0,0,0,1
55,Unsupervised Learning Using Generative Adversarial Training And Clustering,"Vittal Premachandran, Alan L. Yuille",36,74,8,2,0,male,1,2.0,0,0,1
56,#Exploration: A Study of Count-Based Exploration for Deep Reinforcement Learning,"Haoran Tang, Rein Houthooft, Davis Foote, Adam Stooke, Xi Chen, Yan Duan, John Schulman, Filip De Turck, Pieter Abbeel",118,80,10,9,0,male,1,1.0,0,0,1
57,Prototypical Networks for Few-shot Learning,"Jake Snell, Kevin Swersky, Richard Zemel",40,43,5,3,0,male,0.99,1410.0,0,0,1
58,On orthogonality and learning recurrent networks with long term dependencies,"Eugene Vorontsov, Chiheb Trabelsi, Samuel Kadoury, Chris Pal",60,76,10,4,0,male,0.98,319.0,0,0,1
59,Deep Neural Networks and the Tree of Life,"Yan Wang, Kun He, John E. Hopcroft, Yu Sun",42,41,8,4,0,male,0.51,203.0,0,0,1
60,Generative Adversarial Parallelization,"Daniel Jiwoong Im, He Ma, Chris Dongjoo Kim, Graham Taylor",58,38,3,4,0,male,1,8180.0,0,0,1
61,b-GAN: Unified Framework of Generative Adversarial Networks,"Masatosi Uehara, Issei Sato, Masahiro Suzuki, Kotaro Nakayama, Yutaka Matsuo",76,59,7,5,0,None,0.0,0.0,1,0,0
62,Higher Order Recurrent Neural Networks,"Rohollah Soltani, Hui Jiang",27,38,5,2,0,male,1,1.0,0,0,1
63,Generative Adversarial Networks as Variational Training of Energy Based Models,"Shuangfei Zhai, Yu Cheng, Rogerio Feris, Zhongfei Zhang",55,78,10,4,0,None,0.0,0.0,1,0,0
64,Introducing Active Learning for CNN under the light of Variational Inference,"Melanie Ducoffe, Frederic Precioso",34,76,11,2,0,female,1,2137.0,0,1,0
65,An Information Retrieval Approach for Finding Dependent Subspaces of Multiple Views,"Ziyuan Lin, Jaakko Peltonen",27,83,11,2,0,None,0.0,0.0,1,0,0
66,Character-aware Attention Residual Network for Sentence Representation,"Xin Zheng, Zhenzhou Wu",22,70,7,2,0,female,0.63,35.0,0,1,0
67,Attentive Recurrent Comparators,"Pranav Shyam, Ambedkar Dukkipati",32,31,3,2,0,male,1,62.0,0,0,1
68,CAN AI GENERATE LOVE ADVICE?: TOWARD NEURAL ANSWER GENERATION FOR NON-FACTOID QUESTIONS,"Makoto Nakatsuji, Hisashi Ito, Naruhiro Ikeda, Shota Sagara, Akihisa Fujita",75,87,12,5,0,male,1,28.0,0,0,1
69,Boosted Generative Models,"Aditya Grover, Stefano Ermon",28,25,3,2,0,male,1,282.0,0,0,1
70,Adversarial examples for generative models,"Jernej Kos, Ian Fischer, Dawn Song",34,42,5,3,0,male,1,20.0,0,0,1
71,Towards Information-Seeking Agents,"Philip Bachman, Alessandro Sordoni, Adam Trischler",50,34,3,3,0,male,1,1097.0,0,0,1
72,Multi-label learning with the RNNs for Fashion Search,Taewan Kim,10,53,8,1,0,male,1,1.0,0,0,1
73,Differentiable Canonical Correlation Analysis,"Matthias Dorfer, Jan Schlüter, Gerhard Widmer",45,45,4,3,0,male,1,257.0,0,0,1
74,Generating Long and Diverse Responses with Neural Conversation Models,"Louis Shao, Stephan Gouws, Denny Britz, Anna Goldie, Brian Strope, Ray Kurzweil",79,69,9,6,0,male,0.99,654.0,0,0,1
75,Understanding intermediate layers using linear classifier probes,"Guillaume Alain, Yoshua Bengio",30,64,7,2,0,male,1,779.0,0,0,1
76,Improving Invariance and Equivariance Properties of Convolutional Neural Networks,"Christopher Tensmeyer, Tony Martinez",36,81,9,2,0,male,1,2339.0,0,0,1
77,TreNet: Hybrid Neural Networks for Learning the Local Trend in Time Series,"Tao Lin, Tian Guo, Karl Aberer",30,74,12,3,0,male,0.7,27.0,0,0,1
78,Intelligible Language Modeling with Input Switched Affine Networks,"Jakob Foerster, Justin Gilmer, Jan Chorowski, Jascha Sohl-dickstein, David Sussillo",83,66,8,5,0,male,0.99,148.0,0,0,1
79,Sequence generation with a physiologically plausible model of handwriting and Recurrent Mixture Density Networks,"Daniel Berio, Memo Akten, Frederic Fol Leymarie, Mick Grierson, Réjean Plamondon",80,112,14,5,0,male,1,8180.0,0,0,1
80,CONTENT2VEC: SPECIALIZING JOINT REPRESENTATIONS OF PRODUCT IMAGES AND TEXT FOR THE TASK OF PRODUCT RECOMMENDATION,"Thomas Nedelec, Elena Smirnova, Flavian Vasile",46,113,15,3,0,male,1,3753.0,0,0,1
81,Out-of-class novelty generation: an experimental foundation,"Mehdi Cherti, Balázs Kégl, Akın Kazakçı",39,59,6,3,0,male,0.99,329.0,0,0,1
82,A Joint Many-Task Model: Growing a Neural Network for Multiple NLP Tasks,"Kazuma Hashimoto, Caiming Xiong, Yoshimasa Tsuruoka, Richard Socher",67,72,12,4,0,male,0.75,4.0,0,0,1
83,Representation Stability as a Regularizer for Improved Text Analytics Transfer Learning,"Matthew Riemer, Elham Khabiri, Richard Goodwin",46,87,11,3,0,male,1,3338.0,0,0,1
84,Extensions and Limitations of the Neural GPU,"Eric Price, Wojciech Zaremba, Ilya Sutskever",44,44,7,3,0,male,1,4110.0,0,0,1
85,DeepRebirth: A General Approach for Accelerating Deep Neural Network Execution on Mobile Devices,"Dawei Li, Xiaolong Wang, Deguang Kong, Mooi Choo Chuah",54,96,13,4,0,male,1,2.0,0,0,1
86,Semi-Supervised Detection of Extreme Weather Events in Large Climate Datasets,"Evan Racah, Christopher Beckham, Tegan Maharaj, Prabhat, Christopher Pal",72,77,10,5,0,male,0.97,657.0,0,0,1
87,Structured Sequence Modeling with Graph Convolutional Recurrent Networks,"Youngjoo Seo, Michaël Defferrard, Pierre Vandergheynst, Xavier Bresson",70,72,8,4,0,None,0.0,0.0,1,0,0
88,End-to-End Answer Chunk Extraction and Ranking for Reading Comprehension,"Yang Yu, Wei Zhang, Bowen Zhou, Kazi Hasan, Mo Yu, Bing Xiang",61,72,9,6,0,male,0.65,93.0,0,0,1
89,Sample Importance in Training Deep Neural Networks,"Tianxiang Gao, Vladimir Jojic",29,50,7,2,0,male,1,1.0,0,0,1
90,Epitomic Variational Autoencoders,"Serena Yeung, Anitha Kannan, Yann Dauphin, Li Fei-Fei",53,33,3,4,0,female,0.99,455.0,0,1,0
91,Learning Disentangled Representations in Deep Generative Models,"N. Siddharth, Brooks Paige, Alban Desmaison, Jan-Willem van de Meent, Frank Wood, Noah D. Goodman, Pushmeet Kohli, Philip H.S. Torr",131,63,7,8,0,None,0.0,0.0,1,0,0
92,Low-rank passthrough neural networks,Antonio Valerio Miceli Barone,29,36,4,1,0,male,1,2290.0,0,0,1
93,Inference and Introspection in Deep Generative Models of Sparse Data,"Rahul G. Krishnan, Matthew Hoffman",34,68,10,2,0,male,1,397.0,0,0,1
94,Implicit ReasoNet: Modeling Large-Scale Structured Relationships with Shared Memory,"Yelong Shen*, Po-Sen Huang*, Ming-Wei Chang, Jianfeng Gao",57,83,9,4,0,None,0.0,0.0,1,0,0
95,Neural Combinatorial Optimization with Reinforcement Learning,"Irwan Bello*, Hieu Pham*, Quoc V. Le, Mohammad Norouzi, Samy Bengio",67,61,6,5,0,male,1,46.0,0,0,1
96,Wav2Letter: an End-to-End ConvNet-based Speech Recognition System,"Ronan Collobert, Christian Puhrsch, Gabriel Synnaeve",52,65,7,3,0,male,1,52.0,0,0,1
97,Recurrent Neural Networks for Multivariate Time Series with Missing Values,"Zhengping Che, Sanjay Purushotham, Kyunghyun Cho, David Sontag, Yan Liu",71,74,10,5,0,None,0.0,0.0,1,0,0
98,Group Sparse CNNs for Question Sentence Classification with Answer Sets,"Mingbo Ma, Liang Huang, Bing Xiang, Bowen Zhou",46,71,10,4,0,None,0.0,0.0,1,0,0
99,NEWSQA: A MACHINE COMPREHENSION DATASET,"Adam Trischler, Tong Wang, Xingdi Yuan, Justin Harris, Alessandro Sordoni, Philip Bachman, Kaheer Suleman",105,39,5,7,0,male,1,3957.0,0,0,1
100,Gated-Attention Readers for Text Comprehension,"Bhuwan Dhingra, Hanxiao Liu, Zhilin Yang, William W. Cohen, Ruslan Salakhutdinov",80,46,5,5,0,male,1,9.0,0,0,1
101,Neural Code Completion,"Chang Liu, Xin Wang, Richard Shin, Joseph E. Gonzalez, Dawn Song",64,22,3,5,0,male,0.63,101.0,0,0,1
102,Here's My Point: Argumentation Mining with Pointer Networks,"Peter Potash, Alexey Romanov, Anna Rumshisky",44,59,8,3,0,male,1,4373.0,0,0,1
103,Tree-Structured Variational Autoencoder,"Richard Shin, Alexander A. Alemi, Geoffrey Irving, Oriol Vinyals",64,39,3,4,0,male,1,4381.0,0,0,1
104,Learning Approximate Distribution-Sensitive Data Structures,"Zenna Tavares, Armando Solar-Lezama",35,59,5,2,0,female,1,2.0,0,1,0
105,Memory-augmented Attention Modelling for Videos,"Rasool Fakoor, Abdel-rahman Mohamed, Margaret Mitchell, Sing Bing Kang, Pushmeet Kohli",86,47,5,5,0,male,1,1.0,0,0,1
106,Taming the waves: sine as activation function in deep neural networks,"Giambattista Parascandolo, Heikki Huttunen, Tuomas Virtanen",59,69,11,3,0,male,1,5.0,0,0,1
107,Convolutional Neural Networks Generalization Utilizing the Data Graph Structure,"Yotam Hechtlinger, Purvasha Chakravarti, Jining Qin",51,79,9,3,0,male,1,15.0,0,0,1
108,Evaluation of Defensive Methods for DNNs against Multiple Adversarial Evasion Models,"Xinyun Chen, Bo Li, Yevgeniy Vorobeychik",40,84,11,3,0,None,0.0,0.0,1,0,0
109,Collaborative Deep Embedding via Dual Networks,"Yilei Xiong, Dahua Lin, Haoying Niu, JIefeng Cheng, Zhenguo Li",62,46,6,5,0,None,0.0,0.0,1,0,0
110,Transformation-based Models of Video Sequences,"Joost van Amersfoort, Anitha Kannan, Marc'Aurelio Ranzato, Arthur Szlam, Du Tran, Soumith Chintala",98,46,5,6,0,male,1,28.0,0,0,1
111,Neural Causal Regularization under the Independence of Mechanisms Assumption,"Mohammad Taha Bahadori, Krzysztof Chalupka, Edward Choi, Robert Chen, Walter F. Stewart, Jimeng Sun",99,76,9,6,0,male,1,919.0,0,0,1
112,Recurrent Coevolutionary Feature Embedding Processes for Recommendation,"Hanjun Dai*, Yichen Wang*, Rakshit Trivedi, Le Song",51,71,7,4,0,None,0.0,0.0,1,0,0
113,L-SR1: A Second Order Optimization Method for Deep Learning,"Vivek Ramamurthy, Nigel Duffy",29,59,9,2,0,male,1,214.0,0,0,1
114,Inverse Problems in Computer Vision using Adversarial Imagination Priors,"Hsiao-Yu Fish Tung, Katerina Fragkiadaki",40,72,9,2,0,None,0.0,0.0,1,0,0
115,Leveraging Asynchronicity in Gradient Descent for Scalable Deep Learning,"Jeff Daily, Abhinav Vishnu, Charles Siegel",42,72,9,3,0,male,1,2925.0,0,0,1
116,Dynamic Steerable Frame Networks,"Jörn-Henrik Jacobsen, Bert De Brabandere, Arnold W.M. Smeulders",63,32,4,3,0,None,0.0,0.0,1,0,0
117,Adding Gradient Noise Improves Learning for Very Deep Networks,"Arvind Neelakantan, Luke Vilnis, Quoc V. Le, Lukasz Kaiser, Karol Kurach, Ilya Sutskever, James Martens",103,62,9,7,0,male,1,73.0,0,0,1
118,Joint Training of Ratings and Reviews with Recurrent Recommender Networks,"Chao-Yuan Wu, Amr Ahmed, Alex Beutel, Alexander J. Smola",56,73,10,4,0,None,0.0,0.0,1,0,0
119,Counterpoint by Convolution,"Cheng-Zhi Anna Huang, Tim Cooijmans, Adam Roberts, Aaron Courville, Douglas Eck",79,27,3,5,0,None,0.0,0.0,1,0,0
120,The loss surface of residual networks: Ensembles and the role of batch normalization,"Etai Littwin, Lior Wolf",23,84,13,2,0,male,1,1.0,0,0,1
121,Eigenvalues of the Hessian in Deep Learning: Singularity and Beyond,"Levent Sagun, Leon Bottou, Yann LeCun",37,67,10,3,0,male,1,213.0,0,0,1
122,Local minima in training of deep networks,"Grzegorz Swirszcz, Wojciech Marian Czarnecki, Razvan Pascanu",60,41,7,3,0,male,0.98,56.0,0,0,1
123,Communicating Hierarchical Neural Controllers for Learning Zero-shot Task Generalization,"Junhyuk Oh, Satinder Singh, Honglak Lee, Pushmeet Kohli",55,88,9,4,0,None,0.0,0.0,1,0,0
124,The Preimage of Rectifier Network Activities,"Stefan Carlsson, Hossein Azizpour, Ali Razavian",47,44,6,3,0,male,1,917.0,0,0,1
125,Neural Machine Translation with Latent Semantic of Image and Text,"Joji Toyama, Masanori Misono, Masahiro Suzuki, Kotaro Nakayama, Yutaka Matsuo",77,65,10,5,0,male,0.71,7.0,0,0,1
126,Submodular Sum-product Networks for Scene Understanding,"Abram L. Friesen, Pedro Domingos",32,55,6,2,0,male,0.97,33.0,0,0,1
127,Human perception in computer vision,Ron Dekel,9,35,5,1,0,male,0.98,1014.0,0,0,1
128,Efficient Summarization with Read-Again and Copy Mechanism,"Wenyuan Zeng, Wenjie Luo, Sanja Fidler, Raquel Urtasun",54,58,7,4,0,male,1,1.0,0,0,1
129,Layer Recurrent Neural Networks,"Weidi Xie, Alison Noble, Andrew Zisserman",41,31,4,3,0,None,0.0,0.0,1,0,0
130,Gaussian Attention Model and Its Application to Knowledge Base Embedding and Question Answering,"Liwen Zhang, John Winn, Ryota Tomioka",37,95,13,3,0,female,0.5,2.0,0,1,0
131,Cooperative Training of Descriptor and Generator Networks,"Jianwen Xie, Yang Lu, Ruiqi Gao, Song-Chun Zhu, Ying Nian Wu",60,57,7,5,0,None,0.0,0.0,1,0,0
132,Exploring LOTS in Deep Neural Networks,"Andras Rozsa, Manuel Gunther, Terrance E. Boult",47,38,6,3,0,male,0.86,14.0,0,0,1
133,Warped Convolutions: Efficient Invariance to Spatial Transformations,"Joao F. Henriques, Andrea Vedaldi",33,68,7,2,0,male,1,283.0,0,0,1
134,Adjusting for Dropout Variance in Batch Normalization and Weight Initialization,"Dan Hendrycks, Kevin Gimpel",27,79,10,2,0,male,0.98,3240.0,0,0,1
135,Rule Mining in Feature Space,"Stefano Teso, Andrea Passerini",30,28,5,2,0,male,1,732.0,0,0,1
136,The Power of Sparsity in Convolutional Neural Networks,"Soravit Changpinyo, Mark Sandler, Andrey Zhmoginov",50,54,8,3,0,male,1,1.0,0,0,1
137,Multi-view Generative Adversarial Networks,"Mickaël Chen, Ludovic Denoyer",29,42,4,2,0,male,1,3.0,0,0,1
138,Beyond Bilingual: Multi-sense Word Embeddings using Multilingual Context,"Shyam Upadhyay, Kai-Wei Chang, James Zou, Matt Taddy, Adam Kalai",64,72,8,5,0,male,1,61.0,0,0,1
139,Two Methods for Wild Variational Inference,"Qiang Liu, Yihao Feng",21,42,6,2,0,male,1,7.0,0,0,1
140,Rethinking Numerical Representations for Deep Neural Networks,"Parker Hill, Babak Zamirai, Shengshuo Lu, Yu-Wei Chao, Michael Laurenzano, Mehrzad Samadi, Marios Papaefthymiou, Scott Mahlke, Thomas Wenisch, Jia Deng, Lingjia Tang, Jason Mars",177,61,7,12,0,male,0.97,65.0,0,0,1
141,NEUROGENESIS-INSPIRED DICTIONARY LEARNING: ONLINE MODEL ADAPTION IN A CHANGING WORLD,"Sahil Garg, Irina Rish, Guillermo Cecchi, Aurelie Lozano",56,84,10,4,0,male,1,62.0,0,0,1
142,Diverse Beam Search: Decoding Diverse Solutions from Neural Sequence Models,"Ashwin K Vijayakumar, Michael Cogswell, Ramprasaath R. Selvaraju, Qing Sun, Stefan Lee, David Crandall, Dhruv Batra",115,75,10,7,0,male,1,142.0,0,0,1
143,Deep Generalized Canonical Correlation Analysis,"Adrian Benton, Huda Khayrallah, Biman Gujral, Drew Reisinger, Sheng Zhang, Raman Arora",86,47,5,6,0,male,0.97,1515.0,0,0,1
144,A Context-aware Attention Network for Interactive Question Answering,"Huayu Li, Martin Renqiang Min, Yong Ge, Asim Kadav",50,68,8,4,0,None,0.0,0.0,1,0,0
145,Recurrent Inference Machines for Solving Inverse Problems,"Patrick Putzky, Max Welling",27,57,7,2,0,male,1,2877.0,0,0,1
146,Semi-Supervised Learning with Context-Conditional Generative Adversarial Networks,"Emily Denton, Sam Gross, Rob Fergus",35,81,7,3,0,female,1,3765.0,0,1,0
147,Investigating Different Context Types and Representations for Learning Word Embeddings,"Bofang Li, Tao Liu, Zhe Zhao, Buzhou Tang, Xiaoyong Du",54,86,10,5,0,None,0.0,0.0,1,0,0
148,The Predictron: End-To-End Learning and Planning,"David Silver, Hado van Hasselt, Matteo Hessel, Tom Schaul, Arthur Guez, Tim Harley, Gabriel Dulac-Arnold, David Reichert, Neil Rabinowitz, Andre Barreto, Thomas Degris",167,48,6,11,0,male,1,12593.0,0,0,1
149,Bridging Nonlinearities and Stochastic Regularizers with Gaussian Error Linear Units,"Dan Hendrycks, Kevin Gimpel",27,84,10,2,0,male,0.98,3240.0,0,0,1
150,Alternating Direction Method of Multipliers for Sparse Convolutional Neural Networks,"Farkhondeh Kiaee, Christian Gagné, and Mahdieh Abbasi",53,84,10,3,0,None,0.0,0.0,1,0,0
151,Inefficiency of stochastic gradient descent with larger mini-batches (and more learners),"Onkar Bhardwaj, Guojing Cong",28,88,11,2,0,male,1,22.0,0,0,1
152,The Variational Walkback Algorithm,"Anirudh Goyal, Nan Rosemary Ke, Alex Lamb, Yoshua Bengio",56,34,4,4,0,male,1,14.0,0,0,1
153,Distributed Transfer Learning for Deep Convolutional Neural Networks by Basic Probability Assignment,Arash Shahriari,15,100,12,1,0,male,1,57.0,0,0,1
154,A hybrid network: Scattering and Convnet,Edouard Oyallon,15,40,6,1,0,male,0.97,60.0,0,0,1
155,FastText.zip: Compressing text classification models,"Armand Joulin, Edouard Grave, Piotr Bojanowski, Matthijs Douze, Herve Jegou, Tomas Mikolov",90,52,5,6,0,male,1,55.0,0,0,1
156,Encoding and Decoding Representations with Sum- and Max-Product Networks,"Antonio Vergari, Robert Peharz, Nicola Di Mauro, Floriana Esposito",66,72,9,4,0,male,1,2290.0,0,0,1
157,Sequence to Sequence Transduction with Hard Monotonic Attention,"Roee Aharoni, Yoav Goldberg",27,63,8,2,0,male,1,6.0,0,0,1
158,Improving Stochastic Gradient Descent with Feedback,"Jayanth Koushik, Hiroaki Hayashi",32,51,6,2,0,male,1,8.0,0,0,1
159,Neural Graph Machines: Learning Neural Networks Using Graphs,"Thang D. Bui, Sujith Ravi, Vivek Ramavajjala",44,60,8,3,0,male,1,20.0,0,0,1
160,Dynamic Neural Turing Machine with Continuous and Discrete Addressing Schemes,"Caglar Gulcehre, Sarath Chandar, Kyunghyun Cho, Yoshua Bengio",61,77,10,4,0,male,1,1.0,0,0,1
161,Is a picture worth a thousand words? A Deep Multi-Modal Fusion Architecture for Product Classification in e-commerce,"Tom Zahavy, Alessandro Magnani, Abhinandan Krishnan, Shie Mannor",64,116,17,4,0,male,1,3736.0,0,0,1
162,Generative Adversarial Networks for Image Steganography,"Denis Volkhonskiy, Boris Borisenko, Evgeny Burnaev",50,55,6,3,0,male,0.93,577.0,0,0,1
163,MS MARCO: A Human-Generated MAchine Reading COmprehension Dataset,"Tri Nguyen, Mir Rosenberg, Xia Song, Jianfeng Gao, Saurabh Tiwary, Rangan Majumder, Li Deng",91,65,8,7,0,male,0.61,109.0,0,0,1
164,OMG: Orthogonal Method of Grouping With Application of K-Shot Learning,"Haoqi Fan, Yu Zhang, Kris M. Kitani",35,70,10,3,0,None,0.0,0.0,1,0,0
165,GRAM: Graph-based Attention Model for Healthcare Representation Learning,"Edward Choi, Mohammad Taha Bahadori, Le Song, Walter F. Stewart, Jimeng Sun",75,72,8,5,0,male,1,1015.0,0,0,1
166,Regularizing Neural Networks by Penalizing Confident Output Distributions,"Gabriel Pereyra, George Tucker, Jan Chorowski, Lukasz Kaiser, Geoffrey Hinton",77,73,8,5,0,male,0.99,1674.0,0,0,1
167,Options Discovery with Budgeted Reinforcement Learning,"Aurelia Léon, Ludovic Denoyer",29,54,6,2,0,female,1,35.0,0,1,0
168,Unsupervised Learning of State Representations for Multiple Tasks,"Antonin Raffin, Sebastian Höfer, Rico Jonschkowski, Oliver Brock, Freek Stulp",77,65,8,5,0,male,1,43.0,0,0,1
169,DRAGNN: A Transition-Based Framework for Dynamically Connected Neural Networks,"Lingpeng Kong, Chris Alberti, Daniel Andor, Ivan Bogatyy, David Weiss",69,78,9,5,0,None,0.0,0.0,1,0,0
170,Joint Multimodal Learning with Deep Generative Models,"Masahiro Suzuki, Kotaro Nakayama, Yutaka Matsuo",47,53,7,3,0,male,1,16.0,0,0,1
171,Hierarchical Memory Networks,"Sarath Chandar, Sungjin Ahn, Hugo Larochelle, Pascal Vincent, Gerald Tesauro, Yoshua Bengio",91,28,3,6,0,male,0.97,30.0,0,0,1
172,Towards Understanding the Invertibility of Convolutional Neural Networks,"Anna C. Gilbert, Yi Zhang, Kibok Lee, Yuting Zhang, Honglak Lee",63,72,8,5,0,female,1,4755.0,0,1,0
173,Incremental Sequence Learning,Edwin D. de Jong,16,29,3,1,0,male,1,819.0,0,0,1
174,Boosting Image Captioning with Attributes,"Ting Yao, Yingwei Pan, Yehao Li, Zhaofan Qiu, Tao Mei",53,41,5,5,0,female,0.75,77.0,0,1,0
175,Skip-graph: Learning graph embeddings with an encoder-decoder model,"John Boaz Lee, Xiangnan Kong",28,67,8,2,0,male,0.99,9931.0,0,0,1
176,Finding a Jack-of-All-Trades: An Examination of Semi-supervised Learning in Reading Comprehension,"Rudolf Kadlec, Ondřej Bajgar, Peter Hrincar, Jan Kleindienst",60,97,11,4,0,male,0.97,63.0,0,0,1
177,DyVEDeep: Dynamic Variable Effort Deep Neural Networks,"Sanjay Ganapathy, Swagath Venkataramani, Balaraman Ravindran, Anand Raghunathan",79,54,7,4,0,male,1,212.0,0,0,1
178,Deep Character-Level Neural Machine Translation By Learning Morphology,"Shenjian Zhao, Zhihua Zhang",27,70,8,2,0,None,0.0,0.0,1,0,0
179,Linear Time Complexity Deep Fourier Scattering Network and Extension to Nonlinear Invariants,"Randall Balestriero, Herve Glotin",33,92,12,2,0,male,0.99,176.0,0,0,1
180,Annealing Gaussian into ReLU: a New Sampling Strategy for Leaky-ReLU RBM,"Chun-Liang Li, Siamak Ravanbakhsh, Barnabas Poczos",50,72,11,3,0,None,0.0,0.0,1,0,0
181,Boosted Residual Networks,"Alan Mosca, George D. Magoulas",30,25,3,2,0,male,1,2079.0,0,0,1
182,Multi-task learning with deep model based reinforcement learning,Asier Mujika,12,64,8,1,0,male,0.91,23.0,0,0,1
183,Opening the vocabulary of neural language models with character-level word representations,"Matthieu Labeau, Alexandre Allauzen",35,90,11,2,0,male,1,261.0,0,0,1
184,HFH: Homologically Functional Hashing for Compressing Deep Neural Networks,"Lei Shi, Shikun Feng, Zhifan Zhu",32,74,9,3,0,female,0.56,54.0,0,1,0
185,The Incredible Shrinking Neural Network: New Perspectives on Learning Representations Through The Lens of Pruning,"Nikolas Wolfe, Aditya Sharma, Lukas Drude, Bhiksha Raj",54,113,15,4,0,male,1,74.0,0,0,1
186,Efficient iterative policy optimization,Nicolas Le Roux,15,39,4,1,0,male,1,1953.0,0,0,1
187,Tensorial Mixture Models,"Or Sharir, Ronen Tamari, Nadav Cohen, Amnon Shashua",51,24,3,4,0,female,0.58,84.0,0,1,0
188,An Analysis of Deep Neural Network Models for Practical Applications,"Alfredo Canziani, Adam Paszke, Eugenio Culurciello",50,68,10,3,0,male,1,687.0,0,0,1
189,Playing SNES in the Retro Learning Environment,"Nadav Bhonker, Shai Rozenberg, Itay Hubara",42,46,7,3,0,male,1,29.0,0,0,1
190,Learning to Understand: Incorporating Local Contexts with Global Attention for Sentiment Classification,"Zhigang Yuan, Yuting Hu, Yongfeng Huang",39,103,12,3,0,male,1,2.0,0,0,1
191,Fast Adaptation in Generative Models with Generative Matching Networks,"Sergey Bartunov, Dmitry P. Vetrov",33,70,9,2,0,male,0.99,117.0,0,0,1
192,LipNet: End-to-End Sentence-level Lipreading,"Yannis M. Assael, Brendan Shillingford, Shimon Whiteson, Nando de Freitas",73,44,4,4,0,male,0.86,43.0,0,0,1
193,A Simple yet Effective Method to Prune Dense Layers of Neural Networks,"Mohammad Babaeizadeh, Paris Smaragdis, Roy H. Campbell",54,70,12,3,0,male,1,919.0,0,0,1
194,Emergent Predication Structure in Vector Representations of Neural Readers,"Hai Wang, Takeshi Onishi, Kevin Gimpel, David McAllester",56,74,9,4,0,male,0.84,45.0,0,0,1
195,Riemannian Optimization for Skip-Gram Negative Sampling,"Alexander Fonarev, Alexey Grinchuk, Gleb Gusev, Pavel Serdyukov, Ivan Oseledets",79,55,6,5,0,male,1,1645.0,0,0,1
196,RL^2: Fast Reinforcement Learning via Slow Reinforcement Learning,"Yan Duan, John Schulman, Xi Chen, Peter L. Bartlett, Ilya Sutskever, Pieter Abbeel",82,65,8,6,0,male,0.51,203.0,0,0,1
197,Deep Error-Correcting Output Codes,"Guoqiang Zhong, Yuchen Zheng, Peng Zhang, Mengqi Li, Junyu Dong",63,34,4,5,0,male,1,3.0,0,0,1
198,Marginal Deep Architectures: Deep learning for Small and Middle Scale Applications,"Yuchen Zheng, Guoqiang Zhong, Junyu Dong",40,82,11,3,0,female,1,6.0,0,1,0
199,Beyond Fine Tuning: A Modular Approach to Learning on Small Data,"Aryk Anderson, Kyle Shaffer, Artem Yankov, Court Corley, Nathan Hodas",69,64,11,5,0,female,1,1.0,0,1,0
200,Classify or Select: Neural Architectures for Extractive Document Summarization,"Ramesh Nallapati, Bowen Zhou and Mingbo Ma",42,78,9,2,0,male,1,146.0,0,0,1
201,Tartan: Accelerating Fully-Connected and Convolutional Layers in Deep Learning Networks by Exploiting Numerical Precision Variability,"Alberto Delmás Lascorz, Sayeh Sharify, Patrick Judd, Andreas Moshovos",69,133,15,4,0,male,1,1530.0,0,0,1
202,Machine Solver for Physics Word Problems,"Megan Leszczynski, Jose Moreira",31,40,6,2,0,female,1,2639.0,0,1,0
203,Learning Word-Like Units from Joint Audio-Visual Analylsis,"David Harwath, James R. Glass",29,58,7,2,0,male,1,12593.0,0,0,1
204,Multi-modal Variational Encoder-Decoders,"Iulian V. Serban, Alexander G. Ororbia II, Joelle Pineau, Aaron Courville",73,40,3,4,0,male,1,15.0,0,0,1
205,Reference-Aware Language Models,"Zichao Yang, Phil Blunsom, Chris Dyer, Wang Ling",48,31,3,4,0,male,1,1.0,0,0,1
206,Simple Black-Box Adversarial Perturbations for Deep Networks,"Nina Narodytska, Shiva Kasiviswanathan",38,60,7,2,0,female,0.99,1434.0,0,1,0
207,Unsupervised Pretraining for Sequence to Sequence Learning,"Prajit Ramachandran, Peter J. Liu, Quoc V. Le",45,58,7,3,0,None,0.0,0.0,1,0,0
208,BIOACOUSTIC SEGMENTATION BY HIERARCHICAL DIRICHLET PROCESS HIDDEN MARKOV MODEL,"Vincent Roger, Marius Bartcus, Faicel Chamroukhi, Hervé Glotin",62,78,9,4,0,male,1,1424.0,0,0,1
209,Learning Recurrent Span Representations for Extractive Question Answering,"Kenton Lee, Tom Kwiatkowksi, Ankur Parikh, Dipanjan Das",55,73,8,4,0,male,1,18.0,0,0,1
210,A Neural Stochastic Volatility Model,"Rui Luo, Xiaojun Xu, Weinan Zhang, Jun Wang",43,36,5,4,0,male,0.86,149.0,0,0,1
211,Parametric Exponential Linear Unit for Deep Convolutional Neural Networks,"Ludovic Trottier, Philippe Giguère, Brahim Chaib-draa",53,73,9,3,0,male,1,187.0,0,0,1
212,Unsupervised Deep Learning of State Representation Using Robotic Priors,"Timothee LESORT, David FILLIAT",30,71,9,2,0,male,0.96,23.0,0,0,1
213,Coarse Pruning of Convolutional Neural Networks with Random Masks,"Sajid Anwar, Wonyong Sung",25,65,9,2,0,male,1,45.0,0,0,1
214,ENet: A Deep Neural Network Architecture for Real-Time Semantic Segmentation,"Adam Paszke, Abhishek Chaurasia, Sangpil Kim, Eugenio Culurciello",65,76,10,4,0,male,1,3957.0,0,0,1
215,Understanding trained CNNs by indexing neuron selectivity,"Ivet Rafegas, Maria Vanrell, Luís A. Alexandre",46,57,7,3,0,female,1,10.0,0,1,0
216,Multiagent System for Layer Free Network,"Hiroki Kurotaki, Kotaro Nakayama, Yutaka Matsuo",47,40,6,3,0,male,1,19.0,0,0,1
217,Classless Association using Neural Networks,"Federico Raue, Sebastian Palacio, Andreas Dengel, Marcus Liwicki",64,43,5,4,0,male,1,686.0,0,0,1
218,Cat2Vec: Learning Distributed Representation of Multi-field Categorical Data,"Ying Wen, Jun Wang, Tianyao Chen, Weinan Zhang",46,76,8,4,0,female,0.9,78.0,0,1,0
219,Transformational Sparse Coding,"Dimitrios C. Gklezakos, Rajesh P. N. Rao",40,30,3,2,0,male,1,27.0,0,0,1
220,Cortical-Inspired Open-Bigram Representation for Handwritten Word Recognition,"Théodore Bluche, Christopher Kermorvant, Claude Touzet, Hervé Glotin",68,77,7,4,0,None,0.0,0.0,1,0,0
221,Representing inferential uncertainty in deep neural networks through sampling,"Patrick McClure, Nikolaus Kriegeskorte",38,77,9,2,0,male,1,2877.0,0,0,1
222,Making Stochastic Neural Networks from Deterministic Ones,"Kimin Lee, Jaehyung Kim, Song Chong, Jinwoo Shin",48,57,7,4,0,female,1,1.0,0,1,0
223,Information Dropout: learning optimal representations through noise,"Alessandro Achille, Stefano Soatto",34,67,7,2,0,male,1,1025.0,0,0,1
224,ReasoNet: Learning to Stop Reading in Machine Comprehension,"Yelong Shen, Po-Sen Huang, Jianfeng Gao, Weizhu Chen",52,59,8,4,0,None,0.0,0.0,1,0,0
225,Spatio-Temporal Abstractions in Reinforcement Learning Through Neural Encoding,"Nir Baram, Tom Zahavy, Shie Mannor",34,78,8,3,0,male,0.99,103.0,0,0,1
226,Deep Symbolic Representation Learning for Heterogeneous Time-series Classification,"Shengdong Zhang, Soheil Bahrampour, Naveen Ramakrishnan, Mohak Shah",67,82,8,4,0,None,0.0,0.0,1,0,0
227,A Way out of the Odyssey: Analyzing and Combining Recent Insights for LSTMs,"Shayne Longpre, Sabeek Pradhan, Caiming Xiong, Richard Socher",61,75,13,4,0,male,0.78,68.0,0,0,1
228,Binary Paragraph Vectors,"Karol Grzegorczyk, Marcin Kurdziel",34,24,3,2,0,female,0.7,139.0,0,1,0
229,Generative Paragraph Vector,"Ruqing Zhang, Jiafeng Guo, Yanyan Lan, Jun Xu, Xueqi Cheng",58,27,3,5,0,None,0.0,0.0,1,0,0
230,LSTM-Based System-Call Language Modeling and Ensemble Method for Host-Based Intrusion Detection,"Gyuwan Kim, Hayoon Yi, Jangho Lee, Yunheung Paek, Sungroh Yoon",62,95,11,5,0,None,0.0,0.0,1,0,0
231,Deep Variational Canonical Correlation Analysis,"Weiran Wang, Xinchen Yan, Honglak Lee, Karen Livescu",52,47,5,4,0,None,0.0,0.0,1,0,0
232,Non-linear Dimensionality Regularizer for Solving Inverse Problems,"Ravi Garg, Anders Eriksson, Ian Reid",36,66,7,3,0,male,0.98,356.0,0,0,1
233,Revisiting Batch Normalization For Practical Domain Adaptation,"Yanghao Li, Naiyan Wang, Jianping Shi, Jiaying Liu, Xiaodi Hou",62,62,7,5,0,None,0.0,0.0,1,0,0
234,SqueezeNet: AlexNet-level accuracy with 50x fewer parameters and <0.5MB model size,"Forrest N. Iandola, Song Han, Matthew W. Moskewicz, Khalid Ashraf, William J. Dally, Kurt Keutzer",97,82,11,6,0,male,0.98,54.0,0,0,1
235,Training Long Short-Term Memory With Sparsified Stochastic Gradient Descent,"Maohua Zhu, Minsoo Rhu, Jason Clemons, Stephen W. Keckler, Yuan Xie",67,75,9,5,0,None,0.0,0.0,1,0,0
236,Efficient Calculation of Polynomial Features on Sparse Matrices,"Andrew Nystrom, John Hughes",27,63,8,2,0,male,1,5168.0,0,0,1
237,"ParMAC: distributed optimisation of nested functions, with application to binary autoencoders","Miguel A. Carreira-Perpinan, Mehdi Alizadeh",43,93,11,2,0,male,1,2065.0,0,0,1
238,Chess Game Concepts Emerge under Weak Supervision: A Case Study of Tic-tac-toe,"Hao Zhao, Ming Lu, Anbang Yao, Yurong Chen, Li Zhang",52,78,12,5,0,male,0.93,27.0,0,0,1
239,On the Expressive Power of Deep Neural Networks,"Maithra Raghu, Ben Poole, Jon Kleinberg, Surya Ganguli, Jascha Sohl-Dickstein",77,47,8,5,0,None,0.0,0.0,1,0,0
240,Universality in halting time,"Levent Sagun, Thomas Trogdon, Yann LeCun",40,28,4,3,0,male,1,213.0,0,0,1
241,Learning Identity Mappings with Residual Gates,"Pedro H. P. Savarese, Leonardo O. Mazza, Daniel R. Figueiredo",61,46,6,3,0,male,0.99,1631.0,0,0,1
242,Parallel Stochastic Gradient Descent with Sound Combiners,"Saeed Maleki, Madanlal Musuvathi, Todd Mytkowicz, Yufei Ding",60,57,7,4,0,male,1,106.0,0,0,1
243,Divide and Conquer with Neural Networks,"Alex Nowak, Joan Bruna",22,39,6,2,0,male,0.87,5856.0,0,0,1
244,Gradients of Counterfactuals,"Mukund Sundararajan, Ankur Taly, Qiqi Yan",41,28,3,3,0,male,1,14.0,0,0,1
245,A Convolutional Encoder Model for Neural Machine Translation,"Jonas Gehring, Michael Auli, David Grangier, Yann N. Dauphin",60,60,8,4,0,male,1,628.0,0,0,1
246,Deep Convolutional Neural Network Design Patterns,"Leslie N. Smith, Nicholay Topin",31,49,6,2,0,female,0.88,1173.0,0,1,0
247,An Analysis of Feature Regularization for Low-shot Learning,"Zhuoyuan Chen, Han Zhao, Xiao Liu, Wei Xu",41,59,8,4,0,None,0.0,0.0,1,0,0
248,Combating Deep Reinforcement Learning's Sisyphean Curse with Intrinsic Fear,"Zachary C. Lipton, Jianfeng Gao, Lihong Li, Jianshu Chen, Li Deng",65,75,9,5,0,male,1,426.0,0,0,1
249,Deep Unsupervised Clustering with Gaussian Mixture Variational Autoencoders,"Nat Dilokthanakul, Pedro A. M. Mediano, Marta Garnelo, Matthew C.H. Lee, Hugh Salimbeni, Kai Arulkumaran, Murray Shanahan",121,75,8,7,0,female,0.83,213.0,0,1,0
250,Improved Architectures for Computer Go,Tristan Cazenave,16,38,5,1,0,male,0.95,331.0,0,0,1
251,Learning Python Code Suggestion with a Sparse Pointer Network,"Avishkar Bhoopchand, Tim Rocktäschel, Earl Barr, Sebastian Riedel",65,61,9,4,0,None,0.0,0.0,1,0,0
252,Demystifying ResNet,"Sihan Li, Jiantao Jiao, Yanjun Han, Tsachy Weissman",51,19,2,4,0,None,0.0,0.0,1,0,0
253,Learning similarity preserving representations with neural similarity and context encoders,"Franziska Horn, Klaus-Robert Müller",35,90,10,2,0,female,1,126.0,0,1,0
254,Sentence Ordering using Recurrent Neural Networks,"Lajanugen Logeswaran, Honglak Lee, Dragomir Radev",49,49,6,3,0,None,0.0,0.0,1,0,0
255,Knowledge Adaptation: Teaching to Adapt,"Sebastian Ruder, Parsa Ghaffari, John G. Breslin",48,39,5,3,0,male,1,1459.0,0,0,1
256,Enforcing constraints on outputs with unconstrained inference,"Jay Yoon Lee, Michael L. Wick, Jean-Baptiste Tristan",52,61,7,3,0,male,0.9,1882.0,0,0,1
257,Hierarchical compositional feature learning,"Miguel Lazaro-Gredilla, Yi Liu, D. Scott Phoenix, Dileep George",63,43,4,4,0,male,1,2065.0,0,0,1
258,Learning a Static Analyzer: A Case Study on a Toy Language,"Manzil Zaheer, Jean-Baptiste Tristan, Michael L. Wick, Guy L. Steele Jr.",72,58,11,4,0,None,0.0,0.0,1,0,0
259,Filling in the details: Perceiving from low fidelity visual input,"Farahnaz A. Wick, Michael L. Wick, Marc Pomplun",47,65,10,3,0,female,1,1.0,0,1,0
260,Modelling Relational Time Series using Gaussian Embeddings,"Ludovic Dos Santos, Ali Ziat, Ludovic Denoyer, Benjamin Piwowarski, Patrick Gallinari",85,58,7,5,0,male,1,187.0,0,0,1
261,Compact Embedding of Binary-coded Inputs and Outputs using Bloom Filters,"Joan Serrà, Alexandros Karatzoglou",34,72,10,2,0,female,0.82,1017.0,0,1,0
262,A Deep Learning Approach for Joint Video Frame and Reward Prediction in Atari Games,"Felix Leibfried, Nate Kushman, Katja Hofmann",44,83,14,3,0,male,1,657.0,0,0,1
263,Pedestrian Detection Based On Fast R-CNN and Batch Normalization,"Zhong-Qiu Zhao, Haiman Bian, Donghui Hu, Herve Glotin",53,64,9,4,0,None,0.0,0.0,1,0,0
264,An Actor-critic Algorithm for Learning Rate Learning,"Chang Xu, Tao Qin, Gang Wang, Tie-Yan Liu",41,52,7,4,0,male,0.63,101.0,0,0,1
265,Training Group Orthogonal Neural Networks with Privileged Information,"Yunpeng Chen, Xiaojie Jin, Jiashi Feng, Shuicheng Yan",53,69,8,4,0,male,1,1.0,0,0,1
266,Progressive Attention Networks for Visual Attribute Prediction,"Paul Hongsuck Seo, Zhe Lin, Scott Cohen, Xiaohui Shen, Bohyung Han",66,62,7,5,0,male,1,5931.0,0,0,1
267,A Neural Knowledge Language Model,"Sungjin Ahn, Heeyoul Choi, Tanel Parnamaa, Yoshua Bengio",56,33,5,4,0,male,1,6.0,0,0,1
268,Fuzzy paraphrases in learning word representations with a lexicon,"Yuanzhi Ke, Masafumi Hagiwara",29,65,9,2,0,None,0.0,0.0,1,0,0
269,What Is the Best Practice for CNNs Applied to Visual Instance Retrieval?,"Jiedong Hao, Jing Dong, Wei Wang, Tieniu Tan",44,72,12,4,0,None,0.0,0.0,1,0,0
270,Rectified Factor Networks for Biclustering,"Djork-Arné Clevert, Thomas Unterthiner, Sepp Hochreiter",55,42,5,3,0,None,0.0,0.0,1,0,0
271,Sampling Generative Networks,Tom White,9,28,3,1,0,male,1,3736.0,0,0,1
272,Learning Locomotion Skills Using DeepRL: Does the Choice of Action Space Matter?,"Xue Bin Peng, Michiel van de Panne",34,80,12,2,0,female,0.91,22.0,0,1,0
273,Iterative Refinement for Machine Translation,"Roman Novak, Michael Auli, David Grangier",41,44,5,3,0,male,1,449.0,0,0,1
274,Semantic Noise Modeling for Better Representation Learning,"Hyo-Eun Kim, Sangheum Hwang, Kyunghyun Cho",42,58,7,3,0,None,0.0,0.0,1,0,0
275,Ternary Weight Decomposition and Binary Activation Encoding for Fast and Compact Neural Network,"Mitsuru Ambai, Takuya Matsumoto, Takayoshi Yamashita, Hironobu Fujiyoshi",72,95,13,4,0,male,1,2.0,0,0,1
276,Vocabulary Selection Strategies for Neural Machine Translation,"Gurvan L'Hostis, David Grangier, Michael Auli",45,62,7,3,0,male,1,1.0,0,0,1
277,Efficient Communications in Training Large Scale Neural Networks,"Linnan Wang, Wei Wu, George Bosilca, Richard Vuduc, Zenglin Xu",62,64,8,5,0,None,0.0,0.0,1,0,0
278,Dynamic Partition Models,"Marc Goessling, Yali Amit",25,24,3,2,0,male,1,1555.0,0,0,1
279,Learning Efficient Algorithms with Hierarchical Attentive Memory,"Marcin Andrychowicz, Karol Kurach",33,64,7,2,0,male,1,132.0,0,0,1
280,Revisiting Distributed Synchronous SGD,"Jianmin Chen*, Xinghao Pan*, Rajat Monga, Samy Bengio, Rafal Jozefowicz",71,38,4,5,0,female,0.5,2.0,0,1,0
281,New Learning Approach By Genetic Algorithm In A Convolutional Neural Network For Pattern Recognition,"Mohammad Ali Mehrolhassani, Majid Mohammadi",43,100,14,2,0,male,1,919.0,0,0,1
282,PREDICTION OF POTENTIAL HUMAN INTENTION USING SUPERVISED COMPETITIVE LEARNING,"Masayoshi Ishikawa, Mariko Okude, Takehisa Nishida & Kazuo Muto",63,77,9,3,0,male,1,1.0,0,0,1
283,Conditional Image Synthesis With Auxiliary Classifier GANs,"Augustus Odena, Christopher Olah, Jonathon Shlens",49,58,7,3,0,male,1,9.0,0,0,1
284,Multi-label learning with semantic embeddings,"Liping Jing, MiaoMiao Cheng, Liu Yang, Alex Gittens, Michael W. Mahoney",71,45,5,5,0,female,1,1.0,0,1,0
285,Significance of Softmax-Based Features over Metric Learning-Based Features,"Shota Horiguchi, Daiki Ikami, Kiyoharu Aizawa",45,74,8,3,0,male,1,4.0,0,0,1
286,Improving Sampling from Generative Autoencoders with Markov Chains,"Antonia Creswell, Kai Arulkumaran, Anil Anthony Bharath",55,66,8,3,0,female,0.98,244.0,0,1,0
287,Learning to Protect Communications with Adversarial Neural Cryptography,"Martín Abadi, David G. Andersen",31,71,8,2,0,None,0.0,0.0,1,0,0
288,Deep unsupervised learning through spatial contrasting,"Elad Hoffer, Itay Hubara, Nir Ailon",35,54,6,3,0,male,1,47.0,0,0,1
289,SoftTarget Regularization: An Effective Technique to Reduce Over-Fitting in Neural Networks,Armen Aghajanyan,16,91,11,1,0,male,0.96,24.0,0,0,1
290,Surprisal-Driven Feedback in Recurrent Networks,Kamil Rocki,11,47,5,1,0,male,0.99,130.0,0,0,1
